9.924400000000000322e-04,2.247546666666666755e-03,4.948059999999999785e-03,1.711324999999999999e-02,3.607592666666666753e-02,7.433109999999999717e-02,1.593347099999999905e-01,2.889200699999999733e-01,4.654712100000000241e-01,6.511713399999999874e-01,8.656182833333333493e-01,9.324712699999999632e-01,9.673265333333332938e-01,9.903198933333333676e-01,9.954764900000000472e-01,9.978867333333333312e-01,9.993837333333333017e-01,9.997125133333333302e-01,9.998657933333333636e-01,9.999806366666667001e-01,9.999913700000000460e-01,9.999973300000000176e-01,9.999993233333333009e-01,9.999996399999999674e-01,9.999999233333333182e-01,-1.000000000000000000e+00,-5.000000000000000000e+00
9.888233333333333770e-04,2.234709999999999995e-03,4.899223333333333451e-03,1.692949666666666506e-02,3.566679666666666693e-02,7.363022333333332781e-02,1.579668599999999867e-01,2.870105466666666438e-01,4.631799266666666859e-01,6.491400533333333556e-01,8.646892600000000151e-01,9.319837399999999494e-01,9.670984566666667170e-01,9.902517400000000469e-01,9.954323499999999658e-01,9.978521066666666828e-01,9.993809900000000246e-01,9.997104566666666914e-01,9.998628899999999486e-01,9.999822800000000012e-01,9.999912699999999877e-01,9.999974700000000549e-01,9.999988166666666789e-01,9.999995000000000411e-01,9.999996266666666411e-01,-1.000000000000000000e+00,-5.000000000000000000e+00
1.002476666666666724e-03,2.261759999999999812e-03,4.941936666666666388e-03,1.713931666666666798e-02,3.616069999999999701e-02,7.455164000000000235e-02,1.597270133333333342e-01,2.894496733333333238e-01,4.661460966666666761e-01,6.517640866666666311e-01,8.659250266666667084e-01,9.326391800000000121e-01,9.674393166666667154e-01,9.903501200000000004e-01,9.954851433333333777e-01,9.978889033333333547e-01,9.993880133333333804e-01,9.997140799999999494e-01,9.998647299999999793e-01,9.999804199999999810e-01,9.999907766666666920e-01,9.999971899999999803e-01,9.999992733333333828e-01,9.999999233333333182e-01,9.999999666666666842e-01,-1.000000000000000000e+00,-5.000000000000000000e+00
9.747900000000000098e-04,2.198746666666666870e-03,4.835036666666666337e-03,1.677692000000000072e-02,3.538019666666666896e-02,7.286318999999999435e-02,1.564643466666666705e-01,2.846795033333333058e-01,4.604618799999999901e-01,6.466622266666666174e-01,8.632855200000000284e-01,9.311906533333332847e-01,9.667148199999999747e-01,9.901373933333332822e-01,9.953875333333332964e-01,9.978413666666666737e-01,9.993798000000000403e-01,9.997113166666666828e-01,9.998648766666666798e-01,9.999822566666666246e-01,9.999915166666666355e-01,9.999972266666666831e-01,9.999991200000000191e-01,9.999996799999999464e-01,9.999999133333333790e-01,-1.000000000000000000e+00,-5.000000000000000000e+00
9.832633333333334370e-04,2.223043333333333225e-03,4.877320000000000093e-03,1.687463333333333315e-02,3.558515999999999763e-02,7.340847333333333502e-02,1.576687833333333399e-01,2.865403833333333150e-01,4.625967000000000273e-01,6.485614433333333206e-01,8.643070899999999446e-01,9.317607733333332920e-01,9.669627299999999925e-01,9.901949100000000392e-01,9.954076833333332930e-01,9.978567499999999590e-01,9.993737200000000209e-01,9.997082999999999942e-01,9.998658099999999660e-01,9.999832199999999505e-01,9.999922033333333848e-01,9.999978866666666688e-01,9.999991099999999689e-01,9.999997099999999861e-01,9.999999133333333790e-01,-1.000000000000000000e+00,-5.000000000000000000e+00
9.818333333333332559e-04,2.212949999999999987e-03,4.835850000000000044e-03,1.672156333333333494e-02,3.523245333333333007e-02,7.276266666666666993e-02,1.563670266666666586e-01,2.844195199999999812e-01,4.600191566666666509e-01,6.462712400000000246e-01,8.632824166666667187e-01,9.311862966666666352e-01,9.666905266666666607e-01,9.901046100000000516e-01,9.953669800000000123e-01,9.978286933333333497e-01,9.993743600000000171e-01,9.997100899999999957e-01,9.998653733333333626e-01,9.999826466666666969e-01,9.999915533333333384e-01,9.999976099999999812e-01,9.999989666666666555e-01,9.999995466666666832e-01,9.999998833333333392e-01,-1.000000000000000000e+00,-5.000000000000000000e+00
9.712833333333333518e-04,2.189763333333333544e-03,4.816976666666666906e-03,1.673172666666666517e-02,3.531693000000000332e-02,7.294433666666666483e-02,1.565675099999999931e-01,2.847053800000000079e-01,4.604903300000000033e-01,6.465786433333333694e-01,8.634361766666667215e-01,9.312520166666666821e-01,9.667179866666666399e-01,9.901256266666667027e-01,9.953740166666666944e-01,9.978383233333333324e-01,9.993764200000000431e-01,9.997103533333333569e-01,9.998680133333333053e-01,9.999822333333333590e-01,9.999907000000000101e-01,9.999973599999999463e-01,9.999993133333333617e-01,9.999997900000000550e-01,9.999999266666667053e-01,-1.000000000000000000e+00,-5.000000000000000000e+00
9.762233333333332876e-04,2.201010000000000206e-03,4.831890000000000143e-03,1.676917333333333496e-02,3.541268666666666509e-02,7.307528000000000634e-02,1.568439100000000030e-01,2.850298133333333261e-01,4.607144000000000239e-01,6.468064999999999509e-01,8.634357566666667205e-01,9.312521333333333429e-01,9.667413799999999835e-01,9.901450899999999500e-01,9.953788333333333238e-01,9.978462000000000165e-01,9.993757433333333440e-01,9.997068866666666276e-01,9.998625466666666295e-01,9.999806366666667001e-01,9.999912666666667116e-01,9.999975533333332889e-01,9.999992699999999957e-01,9.999998833333333392e-01,9.999999866666666737e-01,-1.000000000000000000e+00,-5.000000000000000000e+00
9.771933333333332732e-04,2.214706666666666629e-03,4.844359999999999812e-03,1.672447666666666832e-02,3.528285666666666764e-02,7.286803333333333188e-02,1.565627333333333426e-01,2.849247599999999991e-01,4.608402433333333437e-01,6.468411933333333419e-01,8.634858166666666834e-01,9.312874933333333827e-01,9.667380033333333733e-01,9.901411266666666489e-01,9.953556000000000070e-01,9.978218466666666231e-01,9.993709933333333462e-01,9.997033699999999801e-01,9.998587666666666207e-01,9.999822933333333275e-01,9.999921499999999686e-01,9.999976466666666841e-01,9.999992833333333220e-01,9.999997366666666387e-01,9.999998466666666364e-01,-1.000000000000000000e+00,-5.000000000000000000e+00
9.832800000000000047e-04,2.215439999999999944e-03,4.824436666666666838e-03,1.668346999999999886e-02,3.514198333333333479e-02,7.256252666666666851e-02,1.558820733333333430e-01,2.837441233333333201e-01,4.593280299999999983e-01,6.456593800000000050e-01,8.628342100000000459e-01,9.309765199999999741e-01,9.665864833333333017e-01,9.901000366666666830e-01,9.953753400000000529e-01,9.978365399999999941e-01,9.993701833333333839e-01,9.997070333333333281e-01,9.998656566666667134e-01,9.999813866666666939e-01,9.999907633333333656e-01,9.999972666666666621e-01,9.999991933333333138e-01,9.999998366666666971e-01,9.999998966666666655e-01,-1.000000000000000000e+00,-5.000000000000000000e+00
9.812133333333332517e-04,2.224670000000000206e-03,4.873699999999999907e-03,1.688030000000000086e-02,3.560731000000000313e-02,7.345566333333333753e-02,1.576633733333333287e-01,2.864963899999999897e-01,4.627854833333333584e-01,6.486900799999999467e-01,8.644430966666666327e-01,9.318971466666666759e-01,9.670420400000000472e-01,9.902162700000000095e-01,9.954233300000000506e-01,9.978612199999999932e-01,9.993722233333333094e-01,9.997049666666666390e-01,9.998595200000000016e-01,9.999806799999999551e-01,9.999909633333333714e-01,9.999973566666666702e-01,9.999991466666666717e-01,9.999998666666666258e-01,9.999999600000000211e-01,-1.000000000000000000e+00,-5.000000000000000000e+00
9.960633333333333145e-04,2.257320000000000160e-03,4.928000000000000089e-03,1.707163999999999904e-02,3.604543666666666646e-02,7.434329333333333789e-02,1.593133033333333226e-01,2.888478366666666908e-01,4.654860900000000190e-01,6.511496399999999740e-01,8.656692400000000065e-01,9.325252099999999933e-01,9.673838366666667188e-01,9.903308633333333111e-01,9.954667366666666295e-01,9.978767133333333872e-01,9.993950766666667151e-01,9.997171733333333199e-01,9.998705233333333720e-01,9.999818799999999896e-01,9.999908600000000369e-01,9.999975666666666152e-01,9.999991766666667115e-01,9.999998700000000129e-01,9.999999566666666340e-01,-1.000000000000000000e+00,-5.000000000000000000e+00
9.787666666666665870e-04,2.206713333333333495e-03,4.833646666666666786e-03,1.676857666666666663e-02,3.540498000000000256e-02,7.302323666666667157e-02,1.568169600000000052e-01,2.851686600000000182e-01,4.609627199999999925e-01,6.470760500000000137e-01,8.636183033333333370e-01,9.314230266666666536e-01,9.667840500000000059e-01,9.901295633333333512e-01,9.953548433333333501e-01,9.978274233333332965e-01,9.993697900000000356e-01,9.997082299999999755e-01,9.998623966666666529e-01,9.999818333333333475e-01,9.999917999999999862e-01,9.999977899999999975e-01,9.999992899999999851e-01,9.999997833333332808e-01,9.999999499999999708e-01,-1.000000000000000000e+00,-5.000000000000000000e+00
9.793466666666666119e-04,2.207713333333333194e-03,4.849076666666667090e-03,1.677594666666666623e-02,3.540284333333333644e-02,7.296811000000000269e-02,1.566626133333333393e-01,2.848516200000000276e-01,4.605464499999999961e-01,6.466494666666666724e-01,8.633497799999999556e-01,9.312341466666667067e-01,9.666964866666666323e-01,9.901122100000000481e-01,9.953587833333333856e-01,9.978414333333333053e-01,9.993801300000000332e-01,9.997083700000000128e-01,9.998629566666666912e-01,9.999820566666666188e-01,9.999913400000000063e-01,9.999972933333333147e-01,9.999991333333333454e-01,9.999995033333333172e-01,9.999997666666666785e-01,-1.000000000000000000e+00,-5.000000000000000000e+00
1.000613333333333398e-03,2.252646666666666825e-03,4.909126666666666951e-03,1.703866666666666724e-02,3.595068666666666884e-02,7.418563999999999714e-02,1.590423699999999885e-01,2.885470633333333534e-01,4.651434766666666665e-01,6.508952366666667100e-01,8.655909000000000519e-01,9.324711999999999446e-01,9.673692699999999478e-01,9.903455500000000189e-01,9.954686633333332813e-01,9.978783433333333619e-01,9.993820633333333481e-01,9.997152933333333102e-01,9.998657199999999579e-01,9.999821800000000538e-01,9.999919266666666973e-01,9.999972333333333463e-01,9.999992433333333430e-01,9.999997133333333732e-01,9.999999433333333076e-01,-1.000000000000000000e+00,-5.000000000000000000e+00
9.697066666666666161e-04,2.198956666666666490e-03,4.820366666666666723e-03,1.667929666666666602e-02,3.514836333333333507e-02,7.257126999999999328e-02,1.559101099999999906e-01,2.837300700000000009e-01,4.591691033333333283e-01,6.454989500000000158e-01,8.628350766666667004e-01,9.309100666666666468e-01,9.665574300000000507e-01,9.900876800000000255e-01,9.953448866666666506e-01,9.978376366666666941e-01,9.993781233333333125e-01,9.997035366666666700e-01,9.998642866666667128e-01,9.999798800000000432e-01,9.999903666666666302e-01,9.999977733333332841e-01,9.999994833333333277e-01,9.999998300000000340e-01,9.999999699999999603e-01,-1.000000000000000000e+00,-5.000000000000000000e+00
9.744699999999999586e-04,2.207753333333333391e-03,4.832040000000000120e-03,1.668741333333333479e-02,3.515516666666666790e-02,7.257386999999999866e-02,1.558902899999999869e-01,2.836828733333333075e-01,4.591152466666666432e-01,6.452995000000000259e-01,8.626178899999999983e-01,9.308069100000000429e-01,9.664767566666666587e-01,9.900325133333333083e-01,9.953266866666666823e-01,9.978173266666666708e-01,9.993635333333333870e-01,9.997025633333332939e-01,9.998613266666667165e-01,9.999807266666667083e-01,9.999908633333333130e-01,9.999973599999999463e-01,9.999990566666666636e-01,9.999996533333332938e-01,9.999997866666666679e-01,-1.000000000000000000e+00,-5.000000000000000000e+00
9.825000000000000833e-04,2.238050000000000109e-03,4.887950000000000281e-03,1.695199999999999832e-02,3.572761333333333150e-02,7.369204333333333190e-02,1.581120699999999935e-01,2.871384166666666737e-01,4.635604033333333152e-01,6.494974466666666446e-01,8.648765733333333428e-01,9.320454433333332789e-01,9.671342299999999836e-01,9.902537633333333700e-01,9.954327866666666802e-01,9.978624533333333435e-01,9.993759966666666550e-01,9.997058199999999673e-01,9.998612666666666371e-01,9.999806500000000264e-01,9.999913233333332929e-01,9.999973399999999568e-01,9.999989833333333689e-01,9.999997900000000550e-01,9.999998766666666761e-01,-1.000000000000000000e+00,-5.000000000000000000e+00
9.675099999999999846e-04,2.190263333333333177e-03,4.810496666666666359e-03,1.664086999999999858e-02,3.507766333333333514e-02,7.237007666666667172e-02,1.555629666666666633e-01,2.830461799999999806e-01,4.584811166666666882e-01,6.448049433333333802e-01,8.623511866666666581e-01,9.307425966666666994e-01,9.664889933333333794e-01,9.900859366666666661e-01,9.953643566666666720e-01,9.978219166666666418e-01,9.993756299999999593e-01,9.997075566666666635e-01,9.998636866666666956e-01,9.999821100000000351e-01,9.999915600000000016e-01,9.999974299999999650e-01,9.999991233333332952e-01,9.999998933333332785e-01,9.999999666666666842e-01,-1.000000000000000000e+00,-5.000000000000000000e+00
9.843399999999999980e-04,2.230059999999999855e-03,4.883619999999999975e-03,1.690103666666666754e-02,3.566638999999999921e-02,7.359380999999999562e-02,1.578696266666666792e-01,2.867833799999999767e-01,4.630647033333333273e-01,6.489429100000000394e-01,8.644889866666666256e-01,9.318289833333333050e-01,9.670142866666666670e-01,9.901945033333333646e-01,9.953987333333332854e-01,9.978460566666667031e-01,9.993800666666666777e-01,9.997060599999999519e-01,9.998596366666666624e-01,9.999809800000000193e-01,9.999906100000000020e-01,9.999969199999999558e-01,9.999987766666667000e-01,9.999998766666666761e-01,9.999999566666666340e-01,-1.000000000000000000e+00,-5.000000000000000000e+00
8.120000000000000183e-06,1.849000000000000085e-05,4.225333333333333084e-05,1.491133333333333276e-04,3.238533333333333520e-04,6.928033333333333483e-04,1.629396666666666719e-03,3.465230000000000133e-03,7.423090000000000244e-03,1.576769999999999908e-02,5.247336666666666677e-02,1.061443266666666635e-01,2.029364233333333378e-01,4.676952633333333331e-01,6.532087866666667075e-01,8.014765266666666887e-01,9.330516766666666628e-01,9.675859133333333251e-01,9.846416666666666373e-01,9.978938200000000425e-01,9.990158833333333543e-01,9.997133599999999953e-01,9.999076933333332917e-01,9.999743500000000118e-01,9.999900233333333111e-01,-1.000000000000000000e+00,-7.000000000000000000e+00
9.113333333333333041e-06,2.237000000000000097e-05,5.221333333333333035e-05,1.898699999999999965e-04,4.005466666666666919e-04,8.512899999999999894e-04,2.004323333333333287e-03,4.278099999999999958e-03,9.136763333333334028e-03,1.935428333333333306e-02,6.376927666666666605e-02,1.273820066666666584e-01,2.383117066666666783e-01,5.191582399999999931e-01,6.983409699999999498e-01,8.322489966666666295e-01,9.448458499999999871e-01,9.735077600000000553e-01,9.874455466666666181e-01,9.982775566666666212e-01,9.991957066666666831e-01,9.997672366666666699e-01,9.999269966666666232e-01,9.999784800000000029e-01,9.999924166666667169e-01,-1.000000000000000000e+00,-7.000000000000000000e+00
9.540000000000000140e-06,2.094333333333333328e-05,4.473666666666666807e-05,1.596133333333333388e-04,3.458566666666666582e-04,7.348399999999999507e-04,1.744886666666666713e-03,3.740676666666666820e-03,7.997376666666666800e-03,1.698604000000000086e-02,5.625183333333333424e-02,1.132944533333333365e-01,2.148455333333333384e-01,4.857632133333333324e-01,6.694374233333333368e-01,8.127429099999999851e-01,9.374707100000000404e-01,9.698163466666667176e-01,9.856697100000000322e-01,9.980251199999999878e-01,9.990855133333332860e-01,9.997384733333333218e-01,9.999185600000000118e-01,9.999752899999999611e-01,9.999908066666666207e-01,-1.000000000000000000e+00,-7.000000000000000000e+00
9.446666666666667136e-06,1.941666666666666655e-05,4.492666666666666456e-05,1.578966666666666756e-04,3.372366666666666763e-04,7.166166666666666388e-04,1.699853333333333242e-03,3.630573333333333378e-03,7.776049999999999629e-03,1.654944666666666522e-02,5.492615666666667007e-02,1.107830100000000012e-01,2.108357066666666779e-01,4.799127033333333570e-01,6.642740033333333072e-01,8.091576366666666242e-01,9.360897833333333695e-01,9.691298866666666623e-01,9.853764533333333464e-01,9.979909900000000222e-01,9.990697266666667131e-01,9.997266333333333366e-01,9.999130566666666331e-01,9.999752333333333798e-01,9.999904266666667096e-01,-1.000000000000000000e+00,-7.000000000000000000e+00
1.122333333333333317e-05,2.529999999999999833e-05,5.439666666666666706e-05,1.905866666666666625e-04,4.087433333333333066e-04,8.848333333333332834e-04,2.089329999999999920e-03,4.474026666666667054e-03,9.543363333333334045e-03,2.019903666666666639e-02,6.636775000000000313e-02,1.321909000000000001e-01,2.461914166666666626e-01,5.302473766666666588e-01,7.076487700000000380e-01,8.384554233333333384e-01,9.471029699999999885e-01,9.745952433333333609e-01,9.879993933333333089e-01,9.983700433333333457e-01,9.992389000000000410e-01,9.997715499999999533e-01,9.999301766666666147e-01,9.999785233333333689e-01,9.999916433333333465e-01,-1.000000000000000000e+00,-7.000000000000000000e+00
1.135333333333333362e-05,2.383000000000000054e-05,5.255999999999999821e-05,1.798833333333333328e-04,3.886966666666666478e-04,8.337800000000000029e-04,1.962806666666666849e-03,4.206776666666666928e-03,8.990676666666665845e-03,1.906170333333333244e-02,6.289116000000000151e-02,1.258195866666666773e-01,2.357746300000000128e-01,5.158867266666666840e-01,6.954472400000000221e-01,8.302782666666667089e-01,9.440567699999999896e-01,9.731149133333333312e-01,9.872518799999999706e-01,9.982694733333333792e-01,9.991958600000000468e-01,9.997644166666667109e-01,9.999240266666666876e-01,9.999780600000000019e-01,9.999917000000000389e-01,-1.000000000000000000e+00,-7.000000000000000000e+00
1.027333333333333379e-05,2.213666666666666761e-05,5.146333333333333245e-05,1.798233333333333368e-04,3.847300000000000112e-04,8.171566666666666215e-04,1.957983333333333537e-03,4.197270000000000341e-03,8.973123333333332674e-03,1.901341333333333300e-02,6.280931333333333866e-02,1.254993666666666674e-01,2.352102466666666780e-01,5.149229233333333378e-01,6.947089100000000128e-01,8.299351033333333127e-01,9.439370533333333313e-01,9.730522866666666548e-01,9.872236133333333052e-01,9.982519366666666727e-01,9.991831466666666328e-01,9.997615433333333357e-01,9.999250166666666662e-01,9.999784699999999527e-01,9.999911033333332977e-01,-1.000000000000000000e+00,-7.000000000000000000e+00
1.109000000000000055e-05,2.404666666666666796e-05,5.133666666666666586e-05,1.796566666666666570e-04,3.920766666666666866e-04,8.441399999999999511e-04,1.975676666666666744e-03,4.232089999999999984e-03,9.038980000000000278e-03,1.918687999999999991e-02,6.334728000000000581e-02,1.266029466666666603e-01,2.369150933333333264e-01,5.173682666666666874e-01,6.967258600000000301e-01,8.312607566666666559e-01,9.444457133333333809e-01,9.732786599999999622e-01,9.873376799999999953e-01,9.982649700000000292e-01,9.991920566666666614e-01,9.997660533333333488e-01,9.999244266666666991e-01,9.999775699999999823e-01,9.999911000000000216e-01,-1.000000000000000000e+00,-7.000000000000000000e+00
1.117999999999999968e-05,2.520666666666666702e-05,5.559333333333333526e-05,1.895166666666666744e-04,4.070633333333333092e-04,8.744133333333333662e-04,2.077059999999999931e-03,4.446450000000000229e-03,9.497230000000000602e-03,2.012130000000000168e-02,6.621728999999999810e-02,1.319505366666666735e-01,2.456374299999999899e-01,5.291408100000000170e-01,7.064853866666667148e-01,8.376074700000000206e-01,9.468508199999999819e-01,9.744864500000000040e-01,9.879279266666666226e-01,9.983514666666666315e-01,9.992318799999999612e-01,9.997812033333333126e-01,9.999300100000000358e-01,9.999800033333333671e-01,9.999927699999999753e-01,-1.000000000000000000e+00,-7.000000000000000000e+00
9.786666666666667268e-06,2.388999999999999997e-05,4.901000000000000002e-05,1.720299999999999911e-04,3.683466666666666682e-04,7.883066666666666521e-04,1.857373333333333428e-03,3.972510000000000277e-03,8.480153333333333848e-03,1.800220666666666608e-02,5.957443999999999934e-02,1.195041000000000020e-01,2.253845466666666575e-01,5.010633133333333156e-01,6.828182299999999705e-01,8.220328099999999472e-01,9.410119566666667046e-01,9.716060600000000491e-01,9.865626633333333118e-01,9.981554599999999944e-01,9.991415266666666684e-01,9.997535633333333172e-01,9.999201699999999970e-01,9.999764899999999956e-01,9.999908800000000264e-01,-1.000000000000000000e+00,-7.000000000000000000e+00
1.017333333333333306e-05,2.449333333333333486e-05,5.142333333333333283e-05,1.808533333333333455e-04,3.879166666666666722e-04,8.427166666666666139e-04,1.994109999999999893e-03,4.280463333333333134e-03,9.125906666666665917e-03,1.935461333333333284e-02,6.373404333333333727e-02,1.272496933333333302e-01,2.381364266666666785e-01,5.189997866666666848e-01,6.982577866666667132e-01,8.320835166666666893e-01,9.447559066666666450e-01,9.734739966666666744e-01,9.874340600000000023e-01,9.982901266666667217e-01,9.992010133333333322e-01,9.997683266666667068e-01,9.999270633333333658e-01,9.999785700000000110e-01,9.999921000000000504e-01,-1.000000000000000000e+00,-7.000000000000000000e+00
7.366666666666666722e-06,1.692333333333333450e-05,3.682000000000000323e-05,1.255866666666666546e-04,2.721066666666666816e-04,5.956800000000000159e-04,1.411286666666666627e-03,3.013409999999999787e-03,6.453166666666666947e-03,1.369376333333333258e-02,4.580255999999999911e-02,9.325196333333332643e-02,1.805712133333333413e-01,4.321618400000000193e-01,6.199614866666666169e-01,7.775116966666666407e-01,9.234853299999999932e-01,9.627970999999999613e-01,9.823077700000000245e-01,9.975861900000000393e-01,9.988724033333333807e-01,9.996700533333333638e-01,9.998959366666666515e-01,9.999692766666666843e-01,9.999880166666667014e-01,-1.000000000000000000e+00,-7.000000000000000000e+00
1.035333333333333303e-05,2.319333333333333376e-05,5.107666666666666497e-05,1.852233333333333325e-04,3.999900000000000243e-04,8.602966666666666184e-04,2.044546666666666700e-03,4.352690000000000205e-03,9.268900000000000056e-03,1.962198999999999888e-02,6.460040000000000227e-02,1.289638133333333436e-01,2.409276233333333406e-01,5.227515666666666672e-01,7.012753833333332798e-01,8.341903499999999694e-01,9.455850166666666112e-01,9.738588500000000536e-01,9.876586833333332871e-01,9.983165499999999692e-01,9.992184233333333276e-01,9.997687433333333207e-01,9.999253099999999561e-01,9.999785966666666637e-01,9.999916500000000097e-01,-1.000000000000000000e+00,-7.000000000000000000e+00
8.480000000000000124e-06,1.868666666666666507e-05,4.230666666666666592e-05,1.513333333333333436e-04,3.287499999999999949e-04,7.082666666666666798e-04,1.665756666666666757e-03,3.566443333333333462e-03,7.634673333333332965e-03,1.622467333333333164e-02,5.386629666666666733e-02,1.087972833333333278e-01,2.072930966666666763e-01,4.743615500000000207e-01,6.592632400000000281e-01,8.056313499999999683e-01,9.346776933333332815e-01,9.684086933333333480e-01,9.849675333333333116e-01,9.979436333333333575e-01,9.990400333333333549e-01,9.997215033333333167e-01,9.999121033333333575e-01,9.999746333333333626e-01,9.999899366666666900e-01,-1.000000000000000000e+00,-7.000000000000000000e+00
1.072333333333333287e-05,2.476666666666666784e-05,5.321000000000000046e-05,1.879066666666666678e-04,4.010733333333333208e-04,8.636800000000000250e-04,2.041956666666666469e-03,4.353983333333333663e-03,9.315986666666666374e-03,1.979619666666666833e-02,6.514643999999999990e-02,1.299673366666666552e-01,2.424434866666666799e-01,5.250649933333333408e-01,7.031547733333333161e-01,8.354162733333333479e-01,9.459693133333333392e-01,9.740708933333332986e-01,9.877590766666666244e-01,9.983362333333333227e-01,9.992265333333333333e-01,9.997765833333333019e-01,9.999285566666666902e-01,9.999788166666666589e-01,9.999922199999999872e-01,-1.000000000000000000e+00,-7.000000000000000000e+00
1.084333333333333342e-05,2.445000000000000138e-05,5.558333333333333366e-05,1.897466666666666637e-04,4.027100000000000254e-04,8.586666666666666493e-04,2.041883333333333137e-03,4.387850000000000431e-03,9.367173333333332630e-03,1.987399999999999931e-02,6.535714333333333959e-02,1.304671633333333303e-01,2.433751833333333281e-01,5.263658500000000240e-01,7.042851066666666604e-01,8.362816600000000378e-01,9.463171333333333379e-01,9.742313866666666433e-01,9.877970799999999940e-01,9.983304766666666330e-01,9.992177666666666180e-01,9.997760233333333746e-01,9.999298966666666511e-01,9.999799033333333087e-01,9.999925866666666829e-01,-1.000000000000000000e+00,-7.000000000000000000e+00
1.064333333333333364e-05,2.367666666666666642e-05,5.078999999999999991e-05,1.795866666666666661e-04,3.955666666666666684e-04,8.514366666666666524e-04,1.994533333333333314e-03,4.261816666666667051e-03,9.069663333333333535e-03,1.926030333333333261e-02,6.349938666666667120e-02,1.269375333333333244e-01,2.375478133333333297e-01,5.179996799999999624e-01,6.973877133333333811e-01,8.315527933333333177e-01,9.445374266666666241e-01,9.733738633333333112e-01,9.874054199999999781e-01,9.982899966666666236e-01,9.992054666666666529e-01,9.997731600000000496e-01,9.999267200000000466e-01,9.999782133333333656e-01,9.999909166666666183e-01,-1.000000000000000000e+00,-7.000000000000000000e+00
7.300000000000000411e-06,1.701666666666666581e-05,3.872333333333333584e-05,1.343366666666666776e-04,2.872300000000000265e-04,6.109033333333333633e-04,1.440476666666666745e-03,3.084973333333333127e-03,6.571366666666666675e-03,1.394578666666666626e-02,4.652489333333333088e-02,9.473554666666667012e-02,1.830534766666666591e-01,4.363025300000000217e-01,6.240657200000000460e-01,7.806204300000000318e-01,9.247000033333333535e-01,9.634016066666666323e-01,9.825781033333332859e-01,9.976028766666666936e-01,9.988814633333333859e-01,9.996752100000000363e-01,9.998984333333332808e-01,9.999711799999999595e-01,9.999888300000000507e-01,-1.000000000000000000e+00,-7.000000000000000000e+00
9.256666666666667261e-06,2.021666666666666566e-05,4.332666666666666632e-05,1.530366666666666713e-04,3.295199999999999757e-04,7.079966666666666570e-04,1.666206666666666687e-03,3.564756666666666837e-03,7.622553333333332952e-03,1.617649000000000170e-02,5.368906999999999846e-02,1.085343833333333313e-01,2.067870166666666565e-01,4.736932233333333575e-01,6.586581533333333294e-01,8.053493333333333615e-01,9.346130499999999452e-01,9.684039399999999631e-01,9.850060466666666903e-01,9.979330266666666116e-01,9.990392399999999951e-01,9.997221166666666603e-01,9.999137799999999743e-01,9.999750699999999659e-01,9.999906800000000207e-01,-1.000000000000000000e+00,-7.000000000000000000e+00
8.579999999999999167e-06,1.937333333333333306e-05,4.170666666666666489e-05,1.494699999999999902e-04,3.183199999999999745e-04,6.977899999999999988e-04,1.648139999999999978e-03,3.520356666666666842e-03,7.531880000000000346e-03,1.601501666666666629e-02,5.327283000000000018e-02,1.076092533333333351e-01,2.054562533333333385e-01,4.717487699999999839e-01,6.569890099999999844e-01,8.040719466666667037e-01,9.341301600000000427e-01,9.681404500000000413e-01,9.848599766666666921e-01,9.979214366666666614e-01,9.990288633333332946e-01,9.997211833333333741e-01,9.999102600000000507e-01,9.999737966666666367e-01,9.999902600000000197e-01,-1.000000000000000000e+00,-7.000000000000000000e+00
2.366666666666666736e-06,3.379999999999999826e-06,3.650000000000000205e-06,4.763333333333333185e-06,5.083333333333333509e-06,6.243333333333333414e-06,7.093333333333333746e-06,7.363333333333333702e-06,8.420000000000000699e-06,1.040333333333333255e-05,1.131333333333333400e-05,1.276999999999999971e-05,1.311999999999999975e-05,1.533666666666666834e-05,1.674333333333333283e-05,1.796333333333333471e-05,1.821000000000000014e-05,1.858666666666666602e-05,2.028333333333333282e-05,2.468333333333333474e-05,2.704666666666666634e-05,2.861666666666666655e-05,3.036999999999999891e-05,3.225999999999999945e-05,3.403333333333333162e-05,-3.000000000000000000e+00,-7.000000000000000000e+00
2.176666666666666861e-06,3.036666666666666674e-06,4.303333333333333354e-06,4.926666666666666366e-06,6.000000000000000152e-06,7.496666666666666324e-06,8.636666666666666421e-06,1.025000000000000012e-05,1.174999999999999931e-05,1.226333333333333337e-05,1.312999999999999965e-05,1.461000000000000073e-05,1.598333333333333333e-05,1.836666666666666813e-05,1.932333333333333185e-05,1.889666666666666814e-05,2.209666666666666799e-05,2.460000000000000164e-05,2.629333333333333457e-05,2.843333333333333441e-05,2.944666666666666708e-05,3.214666666666666833e-05,3.270999999999999684e-05,3.630666666666666916e-05,3.644666666666666443e-05,-3.000000000000000000e+00,-7.000000000000000000e+00
2.856666666666666703e-06,3.516666666666666737e-06,4.699999999999999893e-06,6.530000000000000160e-06,7.336666666666667009e-06,7.570000000000000367e-06,9.170000000000000294e-06,1.008000000000000005e-05,1.077333333333333409e-05,1.129000000000000033e-05,1.267000000000000067e-05,1.382666666666666586e-05,1.504000000000000000e-05,1.605666666666666822e-05,1.749666666666666799e-05,1.840000000000000001e-05,2.127000000000000134e-05,2.121333333333333239e-05,2.305999999999999944e-05,2.668666666666666640e-05,2.779333333333333376e-05,3.059666666666666454e-05,3.127999999999999867e-05,3.358333333333333423e-05,3.383666666666666740e-05,-3.000000000000000000e+00,-7.000000000000000000e+00
2.110000000000000127e-06,2.916666666666666552e-06,3.616666666666666627e-06,5.740000000000000100e-06,6.109999999999999946e-06,7.406666666666666339e-06,8.120000000000000183e-06,9.290000000000000840e-06,1.029999999999999964e-05,1.228666666666666705e-05,1.261333333333333341e-05,1.399999999999999979e-05,1.417666666666666589e-05,1.653666666666666702e-05,1.819000000000000033e-05,2.014666666666666803e-05,2.259666666666666659e-05,2.498999999999999960e-05,2.659000000000000122e-05,3.117000000000000142e-05,3.224999999999999785e-05,3.358333333333333423e-05,3.614999999999999778e-05,3.805666666666666426e-05,4.215333333333333519e-05,-3.000000000000000000e+00,-7.000000000000000000e+00
2.479999999999999972e-06,3.226666666666666549e-06,4.259999999999999871e-06,5.620000000000000402e-06,6.476666666666666772e-06,7.570000000000000367e-06,9.586666666666667489e-06,1.055333333333333281e-05,1.203666666666666605e-05,1.246666666666666702e-05,1.559333333333333199e-05,1.663999999999999992e-05,1.644666666666666618e-05,1.790333333333333189e-05,1.838666666666666794e-05,1.945666666666666616e-05,2.074333333333333181e-05,2.154000000000000044e-05,2.230666666666666768e-05,2.437333333333333263e-05,2.446666666666666732e-05,2.584666666666666766e-05,2.831666666666666604e-05,3.016333333333333309e-05,3.224666666666666399e-05,-3.000000000000000000e+00,-7.000000000000000000e+00
2.079999999999999991e-06,2.733333333333333139e-06,3.009999999999999980e-06,4.289999999999999584e-06,4.989999999999999658e-06,6.633333333333333068e-06,7.443333333333332937e-06,7.533333333333332922e-06,8.263333333333332709e-06,9.236666666666667452e-06,1.073666666666666664e-05,1.288000000000000035e-05,1.313666666666666738e-05,1.603999999999999889e-05,1.701333333333333194e-05,1.790666666666666576e-05,1.955000000000000086e-05,1.924666666666666648e-05,2.019666666666666586e-05,2.400333333333333447e-05,2.498333333333333187e-05,2.811999999999999843e-05,2.916666666666666637e-05,3.344666666666666605e-05,3.510666666666666710e-05,-3.000000000000000000e+00,-7.000000000000000000e+00
2.009999999999999814e-06,2.640000000000000135e-06,3.430000000000000194e-06,5.513333333333333627e-06,6.483333333333333658e-06,7.310000000000000315e-06,7.553333333333333577e-06,8.366666666666667312e-06,8.666666666666666133e-06,9.419999999999999595e-06,1.061999999999999996e-05,1.108000000000000064e-05,1.202000000000000011e-05,1.491666666666666728e-05,1.625666666666666631e-05,1.792333333333333170e-05,2.078999999999999915e-05,2.236666666666666710e-05,2.227666666666666627e-05,2.362999999999999907e-05,2.496999999999999979e-05,2.553666666666666555e-05,2.750333333333333485e-05,2.917666666666666797e-05,3.102666666666666550e-05,-3.000000000000000000e+00,-7.000000000000000000e+00
2.286666666666666655e-06,2.966666666666666497e-06,3.746666666666666652e-06,4.476666666666666439e-06,5.270000000000000365e-06,5.953333333333333650e-06,7.953333333333333983e-06,8.800000000000000449e-06,1.036000000000000076e-05,1.096666666666666614e-05,1.114666666666666611e-05,1.115666666666666601e-05,1.266333333333333293e-05,1.356666666666666665e-05,1.510666666666666715e-05,1.573666666666666790e-05,1.809000000000000129e-05,1.907666666666666641e-05,2.157666666666666619e-05,2.411000000000000125e-05,2.529333333333333398e-05,2.689333333333333222e-05,3.103333333333333323e-05,3.352333333333333142e-05,3.518666666666666633e-05,-3.000000000000000000e+00,-7.000000000000000000e+00
2.473333333333333511e-06,3.413333333333333405e-06,4.169999999999999885e-06,5.820000000000000181e-06,6.436666666666666308e-06,6.873333333333333312e-06,7.976666666666665963e-06,8.460000000000000316e-06,8.973333333333332687e-06,9.209999999999999911e-06,9.716666666666666245e-06,1.091333333333333275e-05,1.162333333333333273e-05,1.201000000000000021e-05,1.311999999999999975e-05,1.380000000000000001e-05,1.508666666666666735e-05,1.699333333333333213e-05,1.745666666666666498e-05,1.985666666666666572e-05,1.969666666666666725e-05,2.042000000000000100e-05,2.099333333333333449e-05,2.162666666666666741e-05,2.220999999999999911e-05,-3.000000000000000000e+00,-7.000000000000000000e+00
3.440000000000000098e-06,4.546666666666666616e-06,5.443333333333333451e-06,6.403333333333333576e-06,7.146666666666666287e-06,8.193333333333333379e-06,9.266666666666667165e-06,1.049666666666666725e-05,1.238333333333333392e-05,1.317999999999999917e-05,1.393666666666666650e-05,1.546000000000000106e-05,1.567333333333333461e-05,1.646666666666666599e-05,1.735000000000000160e-05,1.822333333333333222e-05,1.963666666666666783e-05,2.050000000000000024e-05,2.183666666666666709e-05,2.398000000000000080e-05,2.366999999999999869e-05,2.511666666666666618e-05,2.581333333333333239e-05,2.597000000000000038e-05,2.722000000000000027e-05,-3.000000000000000000e+00,-7.000000000000000000e+00
2.016666666666666699e-06,3.156666666666666796e-06,3.783333333333333250e-06,4.926666666666666366e-06,5.116666666666667088e-06,5.613333333333333517e-06,7.876666666666666921e-06,8.346666666666667503e-06,9.000000000000000228e-06,1.030999999999999954e-05,1.189999999999999957e-05,1.287333333333333262e-05,1.350333333333333336e-05,1.609000000000000011e-05,1.652333333333333494e-05,1.825666666666666749e-05,2.091333333333333187e-05,2.281999999999999835e-05,2.290000000000000098e-05,2.523000000000000069e-05,2.668333333333333253e-05,2.834333333333333358e-05,3.000999999999999897e-05,3.232333333333333613e-05,3.189000000000000130e-05,-3.000000000000000000e+00,-7.000000000000000000e+00
2.363333333333333293e-06,2.986666666666666729e-06,3.999999999999999819e-06,5.116666666666667088e-06,6.466666666666666868e-06,7.089999999999999880e-06,7.986666666666665868e-06,8.679999999999999904e-06,8.980000000000000419e-06,1.016333333333333315e-05,1.240333333333333373e-05,1.383999999999999963e-05,1.516666666666666658e-05,1.550999999999999889e-05,1.755666666666666741e-05,1.790666666666666576e-05,1.955666666666666521e-05,1.963333333333333396e-05,1.904000000000000066e-05,2.068333333333333238e-05,2.052666666666666778e-05,2.324999999999999932e-05,2.388999999999999997e-05,2.560333333333333271e-05,2.729999999999999951e-05,-3.000000000000000000e+00,-7.000000000000000000e+00
2.516666666666666570e-06,2.979999999999999844e-06,3.660000000000000110e-06,5.509999999999999761e-06,6.109999999999999946e-06,7.613333333333333003e-06,8.889999999999999587e-06,1.022666666666666644e-05,1.201333333333333407e-05,1.364666666666666589e-05,1.428333333333333267e-05,1.586666666666666835e-05,1.721333333333333342e-05,1.845000000000000123e-05,1.997000000000000023e-05,2.059999999999999928e-05,2.205000000000000064e-05,2.248000000000000161e-05,2.207666666666666818e-05,2.587666666666666568e-05,2.674999999999999969e-05,2.751333333333333306e-05,2.822666666666666521e-05,3.068333333333333150e-05,3.173000000000000283e-05,-3.000000000000000000e+00,-7.000000000000000000e+00
2.979999999999999844e-06,4.066666666666666977e-06,4.973333333333333715e-06,6.593333333333333451e-06,7.216666666666666464e-06,8.043333333333333121e-06,8.169999999999999704e-06,9.490000000000000619e-06,1.117999999999999968e-05,1.270666666666666642e-05,1.388333333333333311e-05,1.468666666666666609e-05,1.586666666666666835e-05,1.616333333333333500e-05,1.684000000000000140e-05,1.795666666666666697e-05,2.010000000000000068e-05,2.206666666666666659e-05,2.246666666666666614e-05,2.445999999999999959e-05,2.394666666666666553e-05,2.619666666666666601e-05,2.642000000000000115e-05,2.897333333333333263e-05,2.974333333333333373e-05,-3.000000000000000000e+00,-7.000000000000000000e+00
2.380000000000000083e-06,3.196666666666666836e-06,4.249999999999999966e-06,5.683333333333333694e-06,6.733333333333332958e-06,7.413333333333333224e-06,7.783333333333333916e-06,9.136666666666666716e-06,9.900000000000000081e-06,1.065666666666666741e-05,1.361666666666666617e-05,1.413333333333333411e-05,1.418666666666666749e-05,1.455333333333333347e-05,1.567999999999999895e-05,1.661666666666666625e-05,1.790000000000000141e-05,1.828666666666666551e-05,1.932666666666666571e-05,2.047333333333333270e-05,2.405333333333333230e-05,2.536333333333333501e-05,2.767666666666666539e-05,2.817333333333333351e-05,2.892666666666666528e-05,-3.000000000000000000e+00,-7.000000000000000000e+00
2.586666666666666747e-06,3.043333333333333136e-06,3.333333333333333324e-06,6.066666666666666463e-06,6.983333333333333106e-06,8.436666666666666641e-06,9.273333333333333203e-06,1.024000000000000021e-05,1.141666666666666691e-05,1.225666666666666734e-05,1.338000000000000064e-05,1.501333333333333415e-05,1.578333333333333186e-05,1.632333333333333347e-05,1.737333333333333188e-05,1.717333333333333380e-05,1.787666666666666774e-05,1.825666666666666749e-05,1.973666666666666687e-05,2.281666666666666788e-05,2.394000000000000118e-05,2.706333333333333228e-05,2.780333333333333197e-05,2.963333333333333309e-05,3.037666666666666664e-05,-3.000000000000000000e+00,-7.000000000000000000e+00
2.343333333333333485e-06,3.626666666666666531e-06,4.276666666666666660e-06,5.689999999999999732e-06,7.043333333333333378e-06,7.733333333333332701e-06,8.003333333333333504e-06,8.656666666666666229e-06,1.037333333333333284e-05,1.126333333333333278e-05,1.312999999999999965e-05,1.313999999999999955e-05,1.449666666666666622e-05,1.536333333333333249e-05,1.607000000000000030e-05,1.663666666666666606e-05,1.798999999999999886e-05,1.877333333333333203e-05,1.925999999999999856e-05,2.180000000000000134e-05,2.259666666666666659e-05,2.491333333333333423e-05,2.516666666666666740e-05,2.416666666666666681e-05,2.650000000000000039e-05,-3.000000000000000000e+00,-7.000000000000000000e+00
2.420000000000000123e-06,3.163333333333333257e-06,4.123333333333333383e-06,5.683333333333333694e-06,7.186666666666666751e-06,7.883333333333332959e-06,9.656666666666666819e-06,1.082666666666666748e-05,1.180000000000000052e-05,1.361333333333333400e-05,1.469666666666666600e-05,1.527333333333333166e-05,1.657333333333333277e-05,1.726999999999999897e-05,1.786333333333333227e-05,1.961999999999999850e-05,2.119666666666666645e-05,2.224333333333333438e-05,2.301333333333333209e-05,2.640666666666666569e-05,2.761666666666666596e-05,2.923333333333333353e-05,2.981000000000000089e-05,3.261000000000000118e-05,3.458666666666666530e-05,-3.000000000000000000e+00,-7.000000000000000000e+00
2.876666666666666512e-06,3.876666666666666255e-06,5.159999999999999724e-06,6.049999999999999673e-06,7.376666666666666626e-06,8.976666666666666553e-06,9.863333333333332636e-06,1.011333333333333363e-05,1.093333333333333256e-05,1.225999999999999951e-05,1.442666666666666689e-05,1.436666666666666746e-05,1.627999999999999998e-05,1.646333333333333213e-05,1.655333333333333296e-05,1.737666666666666575e-05,2.096333333333333309e-05,2.313666666666666820e-05,2.393333333333333345e-05,2.772333333333333274e-05,3.005333333333333245e-05,3.320666666666666835e-05,3.501333333333333240e-05,3.714333333333333403e-05,3.837333333333333411e-05,-3.000000000000000000e+00,-7.000000000000000000e+00
2.513333333333333128e-06,3.003333333333333519e-06,3.829999999999999753e-06,4.876666666666666845e-06,5.773333333333333679e-06,6.226666666666666625e-06,7.940000000000000212e-06,1.017666666666666692e-05,1.046666666666666584e-05,1.128666666666666646e-05,1.222333333333333376e-05,1.281333333333333319e-05,1.312333333333333361e-05,1.626333333333333404e-05,1.668333333333333341e-05,1.700333333333333373e-05,1.780666666666666671e-05,1.813666666666666525e-05,1.853999999999999867e-05,2.180333333333333182e-05,2.260000000000000046e-05,2.543333333333333264e-05,2.948333333333333283e-05,3.271333333333333070e-05,3.317666666666666355e-05,-3.000000000000000000e+00,-7.000000000000000000e+00
2.465200000000000182e-04,3.263133333333333250e-04,4.115866666666666675e-04,5.499233333333332797e-04,6.430533333333333587e-04,7.280633333333333054e-04,8.244066666666667164e-04,9.145899999999999560e-04,1.011350000000000053e-03,1.102666666666666725e-03,1.244516666666666731e-03,1.341053333333333411e-03,1.424406666666666772e-03,1.576043333333333437e-03,1.673763333333333362e-03,1.768510000000000047e-03,1.921746666666666751e-03,2.026193333333333509e-03,2.128686666666666609e-03,2.407773333333333363e-03,2.500143333333333402e-03,2.656410000000000108e-03,2.807463333333333217e-03,2.987083333333333344e-03,3.118810000000000072e-03,-3.000000000000000000e+00,-5.000000000000000000e+00
2.516833333333333162e-04,3.336066666666666586e-04,4.119766666666666824e-04,5.479999999999999845e-04,6.277733333333333559e-04,7.137366666666667206e-04,8.140299999999999836e-04,8.967299999999999880e-04,9.926533333333333996e-04,1.079843333333333410e-03,1.228093333333333355e-03,1.311520000000000047e-03,1.397333333333333327e-03,1.545406666666666569e-03,1.648729999999999944e-03,1.745826666666666768e-03,1.907810000000000018e-03,2.011880000000000179e-03,2.113843333333333390e-03,2.396853333333333162e-03,2.496089999999999854e-03,2.655666666666666852e-03,2.805066666666666472e-03,2.963599999999999828e-03,3.078266666666666825e-03,-3.000000000000000000e+00,-5.000000000000000000e+00
2.585199999999999846e-04,3.395200000000000019e-04,4.208799999999999954e-04,5.525999999999999879e-04,6.332933333333333166e-04,7.221766666666666872e-04,8.139066666666666238e-04,9.024533333333333756e-04,9.901166666666666189e-04,1.077096666666666576e-03,1.211459999999999924e-03,1.305790000000000032e-03,1.397483333333333303e-03,1.561660000000000088e-03,1.653463333333333356e-03,1.745100000000000080e-03,1.894440000000000056e-03,1.998193333333333262e-03,2.098276666666666797e-03,2.356163333333333252e-03,2.478036666666666617e-03,2.649379999999999791e-03,2.793900000000000203e-03,2.963320000000000190e-03,3.073506666666666470e-03,-3.000000000000000000e+00,-5.000000000000000000e+00
2.596433333333333145e-04,3.389900000000000053e-04,4.220499999999999859e-04,5.500366666666666989e-04,6.440933333333333623e-04,7.230833333333332820e-04,8.198233333333332807e-04,9.070933333333333582e-04,9.816000000000000072e-04,1.065526666666666766e-03,1.208469999999999900e-03,1.300450000000000087e-03,1.381059999999999927e-03,1.524989999999999939e-03,1.626266666666666659e-03,1.718886666666666731e-03,1.884176666666666743e-03,1.976616666666666799e-03,2.056189999999999841e-03,2.301800000000000113e-03,2.410376666666666848e-03,2.566510000000000145e-03,2.718926666666666731e-03,2.880549999999999951e-03,3.033196666666666472e-03,-3.000000000000000000e+00,-5.000000000000000000e+00
2.573666666666666702e-04,3.383899999999999907e-04,4.206566666666666874e-04,5.533266666666666759e-04,6.338466666666666164e-04,7.177933333333333648e-04,8.179199999999999752e-04,9.108000000000000210e-04,1.000616666666666712e-03,1.085419999999999918e-03,1.225913333333333291e-03,1.326670000000000063e-03,1.421236666666666733e-03,1.581693333333333276e-03,1.666230000000000098e-03,1.760030000000000101e-03,1.923356666666666730e-03,2.033113333333333179e-03,2.132626666666666629e-03,2.381020000000000185e-03,2.471253333333333236e-03,2.641733333333333433e-03,2.804846666666666478e-03,2.979923333333333365e-03,3.100396666666666804e-03,-3.000000000000000000e+00,-5.000000000000000000e+00
2.468433333333333287e-04,3.336133333333333399e-04,4.157966666666666560e-04,5.508833333333333247e-04,6.256166666666667037e-04,7.135299999999999802e-04,8.073066666666666802e-04,8.891333333333333337e-04,9.738600000000000034e-04,1.057333333333333302e-03,1.211653333333333410e-03,1.295173333333333315e-03,1.386423333333333284e-03,1.542610000000000032e-03,1.632776666666666595e-03,1.716983333333333426e-03,1.857266666666666744e-03,1.954896666666666553e-03,2.057680000000000099e-03,2.298349999999999786e-03,2.396646666666666856e-03,2.559640000000000179e-03,2.702513333333333295e-03,2.865723333333333300e-03,2.997150000000000074e-03,-3.000000000000000000e+00,-5.000000000000000000e+00
2.547866666666666509e-04,3.354499999999999951e-04,4.197333333333333081e-04,5.504533333333333847e-04,6.413900000000000374e-04,7.322733333333333481e-04,8.311833333333333617e-04,9.233666666666666498e-04,1.003580000000000010e-03,1.101803333333333315e-03,1.245313333333333437e-03,1.333126666666666765e-03,1.429013333333333403e-03,1.578186666666666618e-03,1.674513333333333244e-03,1.761646666666666708e-03,1.919050000000000053e-03,2.010853333333333538e-03,2.102940000000000191e-03,2.350640000000000195e-03,2.447826666666666484e-03,2.624823333333333245e-03,2.762613333333333292e-03,2.933723333333333218e-03,3.087866666666666624e-03,-3.000000000000000000e+00,-5.000000000000000000e+00
2.580733333333333143e-04,3.382866666666666747e-04,4.176933333333333344e-04,5.588533333333333721e-04,6.396900000000000502e-04,7.307299999999999646e-04,8.258666666666667194e-04,9.146799999999999636e-04,1.003953333333333295e-03,1.093026666666666730e-03,1.237016666666666603e-03,1.331036666666666601e-03,1.412966666666666624e-03,1.564156666666666673e-03,1.656429999999999968e-03,1.761006666666666606e-03,1.918049999999999920e-03,2.011390000000000053e-03,2.114343333333333456e-03,2.372423333333333398e-03,2.458019999999999997e-03,2.604073333333333309e-03,2.757926666666666703e-03,2.922510000000000125e-03,3.035453333333333181e-03,-3.000000000000000000e+00,-5.000000000000000000e+00
2.560166666666666645e-04,3.413000000000000018e-04,4.277700000000000057e-04,5.686633333333333340e-04,6.528833333333333103e-04,7.361266666666666739e-04,8.325166666666666913e-04,9.206833333333333145e-04,1.002810000000000029e-03,1.089603333333333344e-03,1.234220000000000065e-03,1.332583333333333406e-03,1.429439999999999921e-03,1.585616666666666728e-03,1.674873333333333275e-03,1.768413333333333304e-03,1.925719999999999906e-03,2.020856666666666877e-03,2.127739999999999927e-03,2.371419999999999952e-03,2.463026666666666854e-03,2.634466666666666554e-03,2.778593333333333366e-03,2.948720000000000160e-03,3.081303333333333238e-03,-3.000000000000000000e+00,-5.000000000000000000e+00
2.568800000000000206e-04,3.396266666666666856e-04,4.244499999999999901e-04,5.646766666666667078e-04,6.448666666666666566e-04,7.328833333333333033e-04,8.275599999999999710e-04,9.148733333333333414e-04,1.010146666666666710e-03,1.096586666666666621e-03,1.253720000000000051e-03,1.337796666666666570e-03,1.426526666666666759e-03,1.566630000000000062e-03,1.663703333333333258e-03,1.750999999999999952e-03,1.905629999999999954e-03,1.994526666666666687e-03,2.101899999999999862e-03,2.355946666666666571e-03,2.447916666666666817e-03,2.605793333333333503e-03,2.762623333333333233e-03,2.923126666666666599e-03,3.063966666666666748e-03,-3.000000000000000000e+00,-5.000000000000000000e+00
2.560500000000000167e-04,3.387066666666666741e-04,4.210899999999999951e-04,5.585233333333333803e-04,6.390366666666666938e-04,7.245533333333333340e-04,8.175199999999999655e-04,8.993166666666666887e-04,9.916033333333333470e-04,1.079389999999999950e-03,1.214213333333333386e-03,1.314199999999999960e-03,1.397620000000000026e-03,1.542320000000000019e-03,1.626620000000000062e-03,1.721433333333333236e-03,1.887846666666666631e-03,1.974773333333333138e-03,2.077376666666666451e-03,2.334503333333333517e-03,2.444243333333333181e-03,2.603299999999999798e-03,2.747156666666666480e-03,2.923486666666666629e-03,3.056823333333333337e-03,-3.000000000000000000e+00,-5.000000000000000000e+00
2.571033333333333287e-04,3.437633333333333426e-04,4.255766666666666877e-04,5.601066666666666347e-04,6.449533333333333507e-04,7.339233333333333069e-04,8.330133333333333357e-04,9.197466666666666811e-04,1.006816666666666754e-03,1.091610000000000020e-03,1.246926666666666730e-03,1.346140000000000010e-03,1.441876666666666671e-03,1.595193333333333333e-03,1.687163333333333362e-03,1.786496666666666580e-03,1.943993333333333354e-03,2.052873333333333355e-03,2.150466666666666499e-03,2.411026666666666457e-03,2.515423333333333296e-03,2.668866666666666523e-03,2.827479999999999837e-03,2.988189999999999943e-03,3.124616666666666515e-03,-3.000000000000000000e+00,-5.000000000000000000e+00
2.510633333333333120e-04,3.313300000000000143e-04,4.144099999999999845e-04,5.476500000000000031e-04,6.321200000000000126e-04,7.214633333333333618e-04,8.238533333333333082e-04,9.164866666666666344e-04,1.000470000000000049e-03,1.079193333333333367e-03,1.224416666666666622e-03,1.310463333333333367e-03,1.403196666666666750e-03,1.560909999999999988e-03,1.662250000000000099e-03,1.770520000000000036e-03,1.905963333333333259e-03,1.995990000000000004e-03,2.100016666666666872e-03,2.352423333333333345e-03,2.450126666666666703e-03,2.609999999999999907e-03,2.754396666666666851e-03,2.909856666666666477e-03,3.039066666666666739e-03,-3.000000000000000000e+00,-5.000000000000000000e+00
2.522000000000000045e-04,3.379066666666666547e-04,4.249766666666666731e-04,5.517666666666666163e-04,6.325266666666666494e-04,7.149399999999999549e-04,8.081300000000000028e-04,8.952933333333332883e-04,9.831966666666667326e-04,1.063693333333333262e-03,1.216253333333333414e-03,1.301139999999999892e-03,1.386539999999999908e-03,1.527353333333333332e-03,1.623033333333333229e-03,1.716796666666666566e-03,1.858510000000000066e-03,1.957373333333333257e-03,2.050933333333333167e-03,2.317120000000000204e-03,2.417876666666666542e-03,2.588483333333333521e-03,2.722733333333333342e-03,2.886989999999999869e-03,3.025703333333333404e-03,-3.000000000000000000e+00,-5.000000000000000000e+00
2.469433333333333311e-04,3.335500000000000032e-04,4.175733333333333424e-04,5.429966666666666579e-04,6.277799999999999830e-04,7.109666666666666912e-04,8.050299999999999817e-04,8.965766666666666980e-04,9.836533333333332893e-04,1.064250000000000092e-03,1.202983333333333292e-03,1.287399999999999959e-03,1.382773333333333276e-03,1.528443333333333364e-03,1.619326666666666675e-03,1.713740000000000055e-03,1.860086666666666694e-03,1.957829999999999813e-03,2.061263333333333402e-03,2.340703333333333126e-03,2.442590000000000126e-03,2.593783333333333271e-03,2.743859999999999875e-03,2.909726666666666815e-03,3.030786666666666473e-03,-3.000000000000000000e+00,-5.000000000000000000e+00
2.527166666666666927e-04,3.331066666666666464e-04,4.164333333333333363e-04,5.514800000000000257e-04,6.312899999999999545e-04,7.174466666666666969e-04,8.110433333333333817e-04,8.981199999999999730e-04,9.786733333333333743e-04,1.065369999999999946e-03,1.203073333333333408e-03,1.296566666666666614e-03,1.383083333333333387e-03,1.538576666666666582e-03,1.627456666666666748e-03,1.721780000000000012e-03,1.892276666666666560e-03,1.985230000000000154e-03,2.087599999999999786e-03,2.341769999999999963e-03,2.444169999999999850e-03,2.621133333333333475e-03,2.778586666666666739e-03,2.932013333333333398e-03,3.068696666666666847e-03,-3.000000000000000000e+00,-5.000000000000000000e+00
2.545633333333333428e-04,3.400333333333333224e-04,4.225866666666666638e-04,5.477066666666666585e-04,6.325166666666667088e-04,7.153466666666667001e-04,8.109366666666666980e-04,8.967366666666666151e-04,9.796866666666667611e-04,1.064373333333333343e-03,1.210453333333333381e-03,1.299916666666666668e-03,1.384773333333333325e-03,1.541019999999999933e-03,1.625656666666666595e-03,1.722356666666666723e-03,1.885173333333333345e-03,1.992680000000000146e-03,2.086460000000000051e-03,2.347356666666666845e-03,2.455859999999999814e-03,2.620700000000000113e-03,2.775546666666666579e-03,2.934599999999999882e-03,3.068319999999999815e-03,-3.000000000000000000e+00,-5.000000000000000000e+00
2.498566666666666557e-04,3.320633333333333293e-04,4.159866666666666660e-04,5.567866666666666190e-04,6.431400000000000528e-04,7.347500000000000515e-04,8.273433333333332900e-04,9.079166666666666809e-04,9.889933333333332348e-04,1.082316666666666583e-03,1.228926666666666726e-03,1.324340000000000022e-03,1.414483333333333391e-03,1.571223333333333439e-03,1.674670000000000065e-03,1.775380000000000014e-03,1.916879999999999929e-03,2.020706666666666467e-03,2.117710000000000078e-03,2.382000000000000003e-03,2.470870000000000011e-03,2.643596666666666543e-03,2.795603333333333395e-03,2.935493333333333548e-03,3.068739999999999923e-03,-3.000000000000000000e+00,-5.000000000000000000e+00
2.454333333333333540e-04,3.275899999999999992e-04,4.121866666666666821e-04,5.454299999999999600e-04,6.255033333333332845e-04,7.069633333333332804e-04,8.082833333333332929e-04,8.915900000000000474e-04,9.776400000000001062e-04,1.069559999999999999e-03,1.218949999999999895e-03,1.305206666666666694e-03,1.399846666666666696e-03,1.556979999999999909e-03,1.647116666666666651e-03,1.747613333333333232e-03,1.900339999999999929e-03,1.992516666666666481e-03,2.096660000000000190e-03,2.359393333333333152e-03,2.450560000000000065e-03,2.612820000000000073e-03,2.774816666666666577e-03,2.948099999999999939e-03,3.075486666666666855e-03,-3.000000000000000000e+00,-5.000000000000000000e+00
2.572866666666666574e-04,3.407366666666666530e-04,4.226133333333333348e-04,5.650199999999999537e-04,6.504866666666666740e-04,7.348300000000000101e-04,8.215766666666667181e-04,9.139699999999999517e-04,1.006233333333333415e-03,1.092826666666666616e-03,1.231946666666666572e-03,1.317743333333333284e-03,1.407810000000000008e-03,1.563373333333333438e-03,1.656036666666666586e-03,1.750903333333333426e-03,1.909770000000000087e-03,2.002013333333333128e-03,2.090486666666666656e-03,2.334189999999999876e-03,2.419076666666666788e-03,2.593183333333333365e-03,2.746983333333333308e-03,2.896049999999999840e-03,3.027189999999999916e-03,-3.000000000000000000e+00,-5.000000000000000000e+00
