-3.691266298294067383e+00,-9.901165962219238281e+00
-7.435103058815002441e-01,-5.292352676391601562e+00
-1.626074671745300293e+00,-7.915994167327880859e+00
-8.491710424423217773e-01,-7.029768466949462891e+00
-1.118149399757385254e+00,-8.660359382629394531e+00
-2.183300971984863281e+00,-1.097920322418212891e+01
-2.531042337417602539e+00,-3.408891677856445312e+00
-2.801726102828979492e+00,-1.158720970153808594e+01
-1.614172577857971191e+00,-6.962802410125732422e+00
-1.115759968757629395e+00,-1.180459117889404297e+01
-3.639652490615844727e+00,-3.373729944229125977e+00
-1.400112390518188477e+00,-6.271774291992187500e+00
-1.758014440536499023e+00,-4.886685371398925781e+00
-2.043354034423828125e+00,-1.057430362701416016e+01
-2.266224622726440430e+00,-8.554224967956542969e+00
-3.678819179534912109e+00,-4.378973007202148438e+00
-3.819642782211303711e+00,-4.883870601654052734e+00
-2.374336957931518555e+00,-7.323837280273437500e+00
-1.265320777893066406e+00,-7.441810607910156250e+00
-2.192143201828002930e+00,-5.917343616485595703e+00
-2.616130113601684570e+00,-5.304799556732177734e+00
-2.765777111053466797e+00,-7.502249240875244141e+00
-2.394344329833984375e+00,-4.527103424072265625e+00
-1.705529570579528809e+00,-5.250392913818359375e+00
-2.935518503189086914e+00,-6.250504016876220703e+00
-2.273004293441772461e+00,-6.440991401672363281e+00
-2.342391967773437500e+00,-3.271781682968139648e+00
-1.207252979278564453e+00,-7.286431789398193359e+00
-6.640381217002868652e-01,-9.260397911071777344e+00
-3.581687688827514648e+00,-4.962065219879150391e+00
-2.337946176528930664e+00,-1.047852134704589844e+01
-3.322453260421752930e+00,-7.886698246002197266e+00
-2.679253816604614258e+00,-5.802711009979248047e+00
-3.311615943908691406e+00,-6.296602725982666016e+00
-2.685562610626220703e+00,-1.081424808502197266e+01
-9.399855136871337891e-01,-9.972402572631835938e+00
-3.626970767974853516e+00,-1.041164588928222656e+01
-1.360293745994567871e+00,-3.584576129913330078e+00
-5.339691042900085449e-01,-1.128497028350830078e+01
-3.885584354400634766e+00,-7.884048938751220703e+00
-2.018057584762573242e+00,-1.037593078613281250e+01
-2.783107757568359375e+00,-1.175149917602539062e+01
-5.617518424987792969e-01,-4.500117301940917969e+00
-3.485781669616699219e+00,-5.598073959350585938e+00
-3.543888807296752930e+00,-5.304625988006591797e+00
-2.862207174301147461e+00,-5.197529315948486328e+00
-1.435719847679138184e+00,-3.584889173507690430e+00
-1.029657602310180664e+00,-1.126844596862792969e+01
-5.884909629821777344e-01,-4.086087703704833984e+00
-2.766972303390502930e+00,-3.386137247085571289e+00
-9.514955878257751465e-01,-3.810197114944458008e+00
-3.949124813079833984e+00,-6.938205718994140625e+00
-1.786923885345458984e+00,-8.840092658996582031e+00
-3.489714622497558594e+00,-1.147623825073242188e+01
-3.337626218795776367e+00,-8.281032562255859375e+00
-1.868747830390930176e+00,-1.168874359130859375e+01
-1.656956911087036133e+00,-5.776567935943603516e+00
-3.663926839828491211e+00,-1.040729045867919922e+01
-7.645375132560729980e-01,-6.204786777496337891e+00
-7.404047250747680664e-01,-6.583294391632080078e+00
-2.884506225585937500e+00,-3.430603981018066406e+00
-3.417688608169555664e+00,-3.794030666351318359e+00
-1.563261628150939941e+00,-1.075900077819824219e+01
-1.700857281684875488e+00,-1.005541515350341797e+01
-3.605202436447143555e+00,-9.449119567871093750e+00
-1.996760487556457520e+00,-1.083818531036376953e+01
-2.888969182968139648e+00,-1.122271156311035156e+01
-2.685382366180419922e+00,-9.819599151611328125e+00
-3.470992326736450195e+00,-9.514364242553710938e+00
-8.706189990043640137e-01,-4.670424938201904297e+00
-2.388402700424194336e+00,-8.978777885437011719e+00
-3.466752052307128906e+00,-1.162970447540283203e+01
-3.633344650268554688e+00,-4.530728816986083984e+00
-2.586684226989746094e+00,-9.389889717102050781e+00
-3.493965148925781250e+00,-5.130855083465576172e+00
-3.906790733337402344e+00,-3.666676998138427734e+00
-1.119822621345520020e+00,-1.084271621704101562e+01
-3.822011947631835938e+00,-9.941341400146484375e+00
-3.509759664535522461e+00,-3.141419172286987305e+00
-3.656868696212768555e+00,-4.697210788726806641e+00
-8.839906454086303711e-01,-6.482219696044921875e+00
-3.001291036605834961e+00,-6.583547115325927734e+00
-1.283318519592285156e+00,-1.139054775238037109e+01
-1.110009312629699707e+00,-1.104034233093261719e+01
-3.089483261108398438e+00,-8.373180389404296875e+00
-1.024883985519409180e+00,-5.223071098327636719e+00
-2.013602256774902344e+00,-9.754431724548339844e+00
-2.970351696014404297e+00,-8.933012962341308594e+00
-2.816432237625122070e+00,-9.563949584960937500e+00
-3.832763195037841797e+00,-6.844120979309082031e+00
-2.224326848983764648e+00,-1.075580596923828125e+01
-3.945080995559692383e+00,-7.056663513183593750e+00
-1.386292576789855957e+00,-8.769123077392578125e+00
-2.443762302398681641e+00,-4.296106338500976562e+00
-8.133431673049926758e-01,-8.639142990112304688e+00
-7.984922528266906738e-01,-3.746226787567138672e+00
-3.281919956207275391e+00,-7.389895915985107422e+00
-2.251570463180541992e+00,-1.066341781616210938e+01
-1.284230828285217285e+00,-3.099371910095214844e+00
-1.599542856216430664e+00,-4.910297870635986328e+00
-2.615014314651489258e+00,-8.452823638916015625e+00
-2.353991270065307617e+00,-4.815824031829833984e+00
-2.921262979507446289e+00,-1.035473442077636719e+01
-1.806109666824340820e+00,-7.165292739868164062e+00
-6.881254911422729492e-01,-7.500603675842285156e+00
-2.330024242401123047e+00,-9.405594825744628906e+00
-3.206215381622314453e+00,-3.910020112991333008e+00
-7.032678723335266113e-01,-9.456442832946777344e+00
-2.601356744766235352e+00,-1.109027099609375000e+01
-1.247150421142578125e+00,-1.132529258728027344e+01
-2.549888610839843750e+00,-5.707896709442138672e+00
-3.766715288162231445e+00,-3.758425951004028320e+00
-3.366547107696533203e+00,-6.342196941375732422e+00
-2.459603071212768555e+00,-3.875576019287109375e+00
-2.424204587936401367e+00,-6.135334014892578125e+00
-1.260626077651977539e+00,-7.571986198425292969e+00
-6.225087642669677734e-01,-3.123059034347534180e+00
-2.075151920318603516e+00,-4.319393634796142578e+00
-3.052762508392333984e+00,-5.285936832427978516e+00
-7.733663320541381836e-01,-1.012518310546875000e+01
-2.546163558959960938e+00,-3.390110492706298828e+00
-2.169290781021118164e+00,-1.199829196929931641e+01
-2.447394132614135742e+00,-9.904685974121093750e+00
-2.817405462265014648e+00,-8.710028648376464844e+00
-2.775138616561889648e+00,-4.672258377075195312e+00
-2.895800590515136719e+00,-1.124412822723388672e+01
-3.382187604904174805e+00,-1.131809043884277344e+01
-2.603656053543090820e+00,-1.152402400970458984e+01
-3.701470851898193359e+00,-1.154711437225341797e+01
-6.557008624076843262e-01,-7.792692661285400391e+00
-2.463543891906738281e+00,-1.069702720642089844e+01
-2.837636947631835938e+00,-1.103460121154785156e+01
-2.912629365921020508e+00,-8.365874290466308594e+00
-3.908118963241577148e+00,-7.760006904602050781e+00
-3.853468179702758789e+00,-4.246675968170166016e+00
-1.741762757301330566e+00,-1.152173900604248047e+01
-2.148756504058837891e+00,-5.948943614959716797e+00
-1.965083479881286621e+00,-4.743992328643798828e+00
-1.097559928894042969e+00,-6.505729675292968750e+00
-3.678005218505859375e+00,-3.835034608840942383e+00
-3.655409336090087891e+00,-3.298628330230712891e+00
-1.687654495239257812e+00,-1.034497070312500000e+01
-3.132266998291015625e+00,-8.675443649291992188e+00
-2.841934442520141602e+00,-6.619565963745117188e+00
-1.726038455963134766e+00,-6.310845851898193359e+00
-7.795336246490478516e-01,-5.429219245910644531e+00
-2.656873703002929688e+00,-5.241497993469238281e+00
-1.790812253952026367e+00,-4.492025852203369141e+00
-2.541802167892456055e+00,-9.159775733947753906e+00
-2.949205636978149414e+00,-5.361765861511230469e+00
-2.465741157531738281e+00,-5.851381778717041016e+00
-1.485985279083251953e+00,-1.099489402770996094e+01
-1.724880814552307129e+00,-8.228868484497070312e+00
-1.128340721130371094e+00,-6.791615009307861328e+00
-1.023377180099487305e+00,-1.186633872985839844e+01
-2.879010438919067383e+00,-8.005520820617675781e+00
-2.205678939819335938e+00,-8.447395324707031250e+00
-1.192076563835144043e+00,-7.080100059509277344e+00
-2.219047784805297852e+00,-1.070894336700439453e+01
-9.499191045761108398e-01,-4.217932701110839844e+00
-1.117355227470397949e+00,-6.269348144531250000e+00
-3.393733024597167969e+00,-1.059072780609130859e+01
-1.870283365249633789e+00,-7.793855667114257812e+00
-3.077896356582641602e+00,-4.084624290466308594e+00
-1.573133826255798340e+00,-3.295891523361206055e+00
-9.923766851425170898e-01,-6.452141761779785156e+00
-1.617342948913574219e+00,-4.740470886230468750e+00
-1.712014913558959961e+00,-6.257091045379638672e+00
-3.676643371582031250e+00,-9.596674919128417969e+00
-8.130731582641601562e-01,-9.714688301086425781e+00
-5.766298770904541016e-01,-6.909111976623535156e+00
-1.391890645027160645e+00,-9.106263160705566406e+00
-3.834749937057495117e+00,-9.612844467163085938e+00
-6.742089986801147461e-01,-4.921970844268798828e+00
-1.476470828056335449e+00,-4.785740852355957031e+00
-1.705676913261413574e+00,-1.162734031677246094e+01
-2.467977285385131836e+00,-6.128209590911865234e+00
-3.846922397613525391e+00,-5.896169662475585938e+00
-3.214907884597778320e+00,-6.462158679962158203e+00
-3.045138359069824219e+00,-1.015328025817871094e+01
-1.846915483474731445e+00,-7.896702766418457031e+00
-3.253782749176025391e+00,-3.101874828338623047e+00
-2.433114528656005859e+00,-4.809255599975585938e+00
-2.566199779510498047e+00,-7.757202625274658203e+00
-9.930616021156311035e-01,-1.143625926971435547e+01
-2.096609592437744141e+00,-8.323036193847656250e+00
-1.269632816314697266e+00,-7.145261287689208984e+00
-1.671424865722656250e+00,-7.179280757904052734e+00
-9.656785726547241211e-01,-1.038771152496337891e+01
-2.048926115036010742e+00,-6.310424804687500000e+00
-2.594487428665161133e+00,-6.102313518524169922e+00
-1.601691007614135742e+00,-9.566628456115722656e+00
-3.412072658538818359e+00,-4.477289199829101562e+00
-1.536255598068237305e+00,-3.869715929031372070e+00
-1.311177730560302734e+00,-1.038509941101074219e+01
-3.293951988220214844e+00,-4.233978748321533203e+00
-3.662910461425781250e+00,-7.448220729827880859e+00
-2.764350414276123047e+00,-4.756158351898193359e+00
-3.951651334762573242e+00,-8.362272262573242188e+00
-1.308460593223571777e+00,-5.331387996673583984e+00
-2.869721889495849609e+00,-6.969715118408203125e+00
-3.796707868576049805e+00,-4.184796810150146484e+00
-3.720675468444824219e+00,-1.086475563049316406e+01
-2.963840723037719727e+00,-8.345249176025390625e+00
-3.729768037796020508e+00,-8.037920951843261719e+00
-1.533837199211120605e+00,-7.110952377319335938e+00
-3.714163780212402344e+00,-4.826697826385498047e+00
-3.981242179870605469e+00,-3.045174837112426758e+00
-1.624532222747802734e+00,-7.535855770111083984e+00
-1.228764533996582031e+00,-6.345686435699462891e+00
-2.967858314514160156e+00,-1.023536586761474609e+01
-1.538007855415344238e+00,-8.642967224121093750e+00
-1.125224351882934570e+00,-1.118527126312255859e+01
-3.849760055541992188e+00,-6.878660678863525391e+00
-1.877734541893005371e+00,-4.564729213714599609e+00
-3.787369489669799805e+00,-7.854222774505615234e+00
-2.464254617691040039e+00,-1.185301494598388672e+01
-2.032074928283691406e+00,-5.273822784423828125e+00
-3.168305635452270508e+00,-4.832739353179931641e+00
-3.335686922073364258e+00,-7.111451148986816406e+00
-2.392948865890502930e+00,-1.172500038146972656e+01
-2.885998487472534180e+00,-7.138406276702880859e+00
-1.530086636543273926e+00,-3.031022548675537109e+00
-3.343645811080932617e+00,-6.509066104888916016e+00
-9.146634340286254883e-01,-3.734757900238037109e+00
-2.367571830749511719e+00,-5.540086746215820312e+00
-2.954781293869018555e+00,-3.300758600234985352e+00
-7.012771368026733398e-01,-1.146678543090820312e+01
-7.147086858749389648e-01,-7.609197616577148438e+00
-2.971493959426879883e+00,-5.232729434967041016e+00
-3.962355375289916992e+00,-8.733329772949218750e+00
-3.427748918533325195e+00,-3.121082544326782227e+00
-2.469566106796264648e+00,-9.443917274475097656e+00
-3.023362874984741211e+00,-1.098265457153320312e+01
-1.280542016029357910e+00,-9.024868965148925781e+00
-9.549994468688964844e-01,-8.447647094726562500e+00
-3.528299093246459961e+00,-6.640734195709228516e+00
-7.724224925041198730e-01,-3.035888910293579102e+00
-2.345770120620727539e+00,-3.085397481918334961e+00
-7.472997307777404785e-01,-8.375406265258789062e+00
-8.854317665100097656e-01,-5.021663188934326172e+00
-6.573228240013122559e-01,-7.600573062896728516e+00
-1.730872273445129395e+00,-8.799526214599609375e+00
-8.042092323303222656e-01,-7.796070575714111328e+00
-3.581324577331542969e+00,-9.151748657226562500e+00
-2.844493627548217773e+00,-3.451291322708129883e+00
-3.913612604141235352e+00,-5.105877876281738281e+00
-3.363568305969238281e+00,-1.004374313354492188e+01
-2.216196775436401367e+00,-7.702987670898437500e+00
-2.019586324691772461e+00,-1.195103931427001953e+01
-1.026709079742431641e+00,-1.034235095977783203e+01
-1.112881779670715332e+00,-5.342824459075927734e+00
-3.339372634887695312e+00,-6.428135395050048828e+00
-2.670263051986694336e+00,-6.222712516784667969e+00
-2.495744943618774414e+00,-3.759073257446289062e+00
-2.955153226852416992e+00,-6.971509456634521484e+00
-2.703632116317749023e+00,-5.051510810852050781e+00
-8.075652122497558594e-01,-9.291169166564941406e+00
-1.513713836669921875e+00,-1.154550170898437500e+01
-2.044011831283569336e+00,-9.663834571838378906e+00
-1.759511947631835938e+00,-8.326670646667480469e+00
-6.586477756500244141e-01,-7.370185852050781250e+00
-9.531632661819458008e-01,-6.907909870147705078e+00
-2.516944408416748047e+00,-9.748976707458496094e+00
-1.924397587776184082e+00,-5.162224769592285156e+00
-3.418719291687011719e+00,-9.423787117004394531e+00
-1.437582135200500488e+00,-3.363029479980468750e+00
-3.959180831909179688e+00,-5.532555103302001953e+00
-3.789618253707885742e+00,-1.194023227691650391e+01
-2.409116506576538086e+00,-7.090066909790039062e+00
-8.480572104454040527e-01,-3.700879335403442383e+00
-1.590744853019714355e+00,-5.693226337432861328e+00
-1.378640294075012207e+00,-1.040161132812500000e+01
-1.109367012977600098e+00,-9.778676033020019531e+00
-3.081710815429687500e+00,-6.952855587005615234e+00
-2.299543142318725586e+00,-3.437258005142211914e+00
-2.532563924789428711e+00,-8.823459625244140625e+00
-3.653633356094360352e+00,-3.744065999984741211e+00
-1.510088205337524414e+00,-7.272369384765625000e+00
-2.390422582626342773e+00,-5.828972339630126953e+00
-2.308015823364257812e+00,-6.487011432647705078e+00
-9.686720371246337891e-01,-1.121564292907714844e+01
-3.058685541152954102e+00,-4.879556655883789062e+00
-2.313973903656005859e+00,-8.783728599548339844e+00
-1.732633829116821289e+00,-4.731171131134033203e+00
-2.999292135238647461e+00,-5.993923187255859375e+00
-1.585569620132446289e+00,-4.825277328491210938e+00
-1.356447100639343262e+00,-8.917628288269042969e+00
-3.109744310379028320e+00,-6.515969753265380859e+00
-7.383620142936706543e-01,-1.140054893493652344e+01
-9.022169113159179688e-01,-4.293800830841064453e+00
-1.756181478500366211e+00,-3.062521934509277344e+00
-3.800625085830688477e+00,-4.054702281951904297e+00
-1.078953146934509277e+00,-9.597994804382324219e+00
-2.943810701370239258e+00,-9.650058746337890625e+00
-3.849653005599975586e+00,-3.351396560668945312e+00
-1.306884169578552246e+00,-1.041876888275146484e+01
-9.181880354881286621e-01,-1.074826812744140625e+01
-1.523569107055664062e+00,-4.547371864318847656e+00
-2.036360979080200195e+00,-7.878738880157470703e+00
-3.167238473892211914e+00,-4.122249603271484375e+00
-3.372720241546630859e+00,-8.924889564514160156e+00
-6.328185796737670898e-01,-5.435997009277343750e+00
-1.542609691619873047e+00,-6.192453384399414062e+00
-2.666958332061767578e+00,-7.471790313720703125e+00
-2.114832639694213867e+00,-6.510620594024658203e+00
-2.635273456573486328e+00,-1.039838123321533203e+01
-1.806441426277160645e+00,-5.174273967742919922e+00
-1.218149304389953613e+00,-1.168408489227294922e+01
-1.550928831100463867e+00,-4.202800273895263672e+00
-2.315876722335815430e+00,-1.028987693786621094e+01
-1.140472769737243652e+00,-7.501383781433105469e+00
-1.162056922912597656e+00,-6.102441787719726562e+00
-1.085608482360839844e+00,-8.463689804077148438e+00
-9.376409053802490234e-01,-8.176232337951660156e+00
-1.539209723472595215e+00,-4.531049728393554688e+00
-3.810426235198974609e+00,-7.716139793395996094e+00
-3.687340736389160156e+00,-9.269619941711425781e+00
-2.692582130432128906e+00,-9.641755104064941406e+00
-3.527182579040527344e+00,-9.848402976989746094e+00
-3.213512897491455078e+00,-8.272148132324218750e+00
-1.369693994522094727e+00,-6.116971969604492188e+00
-2.637863397598266602e+00,-1.070528507232666016e+01
-2.301380395889282227e+00,-6.664534091949462891e+00
-7.834076285362243652e-01,-3.874085903167724609e+00
-1.355525851249694824e+00,-7.417187690734863281e+00
-2.060713052749633789e+00,-1.034816360473632812e+01
-8.197522163391113281e-01,-1.152988147735595703e+01
-2.092447519302368164e+00,-7.801806449890136719e+00
-3.478885889053344727e+00,-6.161714553833007812e+00
-1.794744849205017090e+00,-1.182719039916992188e+01
-2.798552751541137695e+00,-1.108278942108154297e+01
-1.694319725036621094e+00,-1.150599956512451172e+01
-1.285631537437438965e+00,-3.907285451889038086e+00
-8.374269008636474609e-01,-6.806671619415283203e+00
-3.159015417098999023e+00,-6.394896030426025391e+00
-3.067480325698852539e+00,-1.142022037506103516e+01
-1.140654444694519043e+00,-1.109693050384521484e+01
-2.677639961242675781e+00,-3.728329658508300781e+00
-2.598984241485595703e+00,-5.087979793548583984e+00
-1.919999003410339355e+00,-8.657100677490234375e+00
-7.442434430122375488e-01,-1.127393722534179688e+01
-3.227009773254394531e+00,-9.550249099731445312e+00
-1.879680395126342773e+00,-9.345785140991210938e+00
-3.107775688171386719e+00,-5.180053234100341797e+00
-6.527271270751953125e-01,-1.068395137786865234e+01
-1.436131119728088379e+00,-5.364877223968505859e+00
-2.277665376663208008e+00,-1.072630500793457031e+01
-3.908686161041259766e+00,-6.316664695739746094e+00
-2.640389680862426758e+00,-6.040711402893066406e+00
-1.904633998870849609e+00,-4.297074794769287109e+00
-8.054649233818054199e-01,-5.940003871917724609e+00
-3.560973167419433594e+00,-1.141871166229248047e+01
-3.753802061080932617e+00,-8.810084342956542969e+00
-1.225298643112182617e+00,-9.903635025024414062e+00
-9.348154664039611816e-01,-8.104003906250000000e+00
-2.305915832519531250e+00,-6.029065608978271484e+00
-3.206783056259155273e+00,-4.059570789337158203e+00
-3.688708066940307617e+00,-8.427074432373046875e+00
-3.691844940185546875e+00,-7.130133628845214844e+00
-1.228421926498413086e+00,-5.259282112121582031e+00
-1.549842119216918945e+00,-1.087377357482910156e+01
-2.966745853424072266e+00,-5.800922393798828125e+00
-1.501687765121459961e+00,-3.916944265365600586e+00
-2.153689622879028320e+00,-1.067640781402587891e+01
-3.562087297439575195e+00,-7.046820163726806641e+00
-2.969116687774658203e+00,-5.235685825347900391e+00
-3.624294519424438477e+00,-4.250033855438232422e+00
-3.776159048080444336e+00,-9.392172813415527344e+00
-1.896975040435791016e+00,-5.765983104705810547e+00
-2.819758415222167969e+00,-6.321580410003662109e+00
-1.313620567321777344e+00,-7.321904182434082031e+00
-2.812583923339843750e+00,-6.359800815582275391e+00
-7.006995677947998047e-01,-7.430024147033691406e+00
-1.943690419197082520e+00,-1.077490711212158203e+01
-2.623604774475097656e+00,-7.340015888214111328e+00
-3.881525754928588867e+00,-8.858156204223632812e+00
-1.922471404075622559e+00,-6.604466915130615234e+00
-1.022094368934631348e+00,-6.885413169860839844e+00
-1.555018424987792969e+00,-1.028001022338867188e+01
-1.128246903419494629e+00,-5.713405609130859375e+00
-3.530903577804565430e+00,-1.108499813079833984e+01
-1.724773883819580078e+00,-4.395480155944824219e+00
-1.223125576972961426e+00,-1.005483436584472656e+01
-3.194031715393066406e+00,-7.150363445281982422e+00
-3.636815786361694336e+00,-7.518790245056152344e+00
-2.025711059570312500e+00,-9.583501815795898438e+00
-1.809531688690185547e+00,-1.089732933044433594e+01
-3.489182233810424805e+00,-5.713659286499023438e+00
-6.551899313926696777e-01,-5.981835365295410156e+00
-2.835270881652832031e+00,-5.487794876098632812e+00
-1.816473603248596191e+00,-7.101482391357421875e+00
-3.771146059036254883e+00,-9.927584648132324219e+00
-3.372830152511596680e+00,-9.800935745239257812e+00
-1.920936942100524902e+00,-8.707608222961425781e+00
-3.563793420791625977e+00,-5.219255447387695312e+00
-5.375903248786926270e-01,-3.601260900497436523e+00
-1.452967762947082520e+00,-4.786944389343261719e+00
-1.877787947654724121e+00,-1.101828098297119141e+01
-1.208235502243041992e+00,-8.281171798706054688e+00
-3.838072061538696289e+00,-1.187946891784667969e+01
-1.126693248748779297e+00,-1.197109413146972656e+01
-5.403723716735839844e-01,-8.733109474182128906e+00
-2.388387680053710938e+00,-6.602922439575195312e+00
-3.874469518661499023e+00,-6.811172485351562500e+00
-7.006409764289855957e-01,-5.308338642120361328e+00
-2.946904659271240234e+00,-9.722879409790039062e+00
-3.711037635803222656e+00,-8.168473243713378906e+00
-1.770577311515808105e+00,-3.522261857986450195e+00
-1.453553915023803711e+00,-6.937046527862548828e+00
-5.639755725860595703e-01,-1.158375835418701172e+01
-1.424287796020507812e+00,-1.073880195617675781e+01
-8.655590415000915527e-01,-1.165328884124755859e+01
-3.633580207824707031e+00,-8.000833511352539062e+00
-2.598044633865356445e+00,-7.903769969940185547e+00
-6.308153271675109863e-01,-1.144936275482177734e+01
-3.972420692443847656e+00,-4.747240543365478516e+00
-1.034762740135192871e+00,-6.590874195098876953e+00
-2.040325880050659180e+00,-3.016666173934936523e+00
-3.098501920700073242e+00,-1.134382534027099609e+01
-3.031607627868652344e+00,-1.085525417327880859e+01
-1.376166701316833496e+00,-1.073609828948974609e+01
-2.079809188842773438e+00,-6.503787517547607422e+00
-1.903627991676330566e+00,-8.901848793029785156e+00
-2.833120346069335938e+00,-6.189560413360595703e+00
-2.928011894226074219e+00,-8.493760108947753906e+00
-3.908562898635864258e+00,-1.156133651733398438e+01
-1.073586463928222656e+00,-6.332333564758300781e+00
-2.105915546417236328e+00,-5.260840892791748047e+00
-2.411815404891967773e+00,-4.451044559478759766e+00
-3.905455350875854492e+00,-4.098569393157958984e+00
-2.328130483627319336e+00,-3.110168218612670898e+00
-3.807766914367675781e+00,-8.608553886413574219e+00
-3.301664829254150391e+00,-9.390093803405761719e+00
-1.798689842224121094e+00,-4.282588481903076172e+00
-2.349138021469116211e+00,-3.004970550537109375e+00
-3.251681566238403320e+00,-1.030805683135986328e+01
-3.605343341827392578e+00,-6.543446063995361328e+00
-2.921895980834960938e+00,-1.133655643463134766e+01
-1.297845125198364258e+00,-3.103602409362792969e+00
-1.372028946876525879e+00,-1.029053592681884766e+01
-1.523915171623229980e+00,-3.680616378784179688e+00
-3.236676454544067383e+00,-4.922050476074218750e+00
-2.354458808898925781e+00,-7.903259277343750000e+00
-3.291000127792358398e+00,-6.568703174591064453e+00
-3.273805379867553711e+00,-3.614190340042114258e+00
-3.566772222518920898e+00,-7.688025951385498047e+00
-1.532857418060302734e+00,-1.125256347656250000e+01
-1.653731465339660645e+00,-5.498975753784179688e+00
-2.689779043197631836e+00,-1.133517169952392578e+01
-1.609654903411865234e+00,-4.859682083129882812e+00
-3.614923715591430664e+00,-8.850120544433593750e+00
-3.496604442596435547e+00,-1.167411613464355469e+01
-2.727492332458496094e+00,-8.148910522460937500e+00
-2.730264663696289062e+00,-4.890797615051269531e+00
-1.644482970237731934e+00,-7.307163238525390625e+00
-1.434212088584899902e+00,-4.877587318420410156e+00
-6.287471652030944824e-01,-7.540129184722900391e+00
-2.839433193206787109e+00,-8.445827484130859375e+00
-2.989303588867187500e+00,-1.049031066894531250e+01
-2.719652891159057617e+00,-4.077461242675781250e+00
-9.476031661033630371e-01,-1.148885059356689453e+01
-2.935496807098388672e+00,-4.029834270477294922e+00
-3.050742626190185547e+00,-1.028120517730712891e+01
-1.063179492950439453e+00,-3.614179611206054688e+00
-2.581676959991455078e+00,-1.075838375091552734e+01
-5.229263901710510254e-01,-1.039625167846679688e+01
-1.782474637031555176e+00,-7.296276569366455078e+00
-3.689792394638061523e+00,-1.079950332641601562e+01
-3.559298753738403320e+00,-8.161083221435546875e+00
-8.475983142852783203e-01,-9.127842903137207031e+00
-3.572983264923095703e+00,-4.587282180786132812e+00
-1.793716073036193848e+00,-1.059760189056396484e+01
-3.076118946075439453e+00,-8.822656631469726562e+00
-8.284267187118530273e-01,-7.642821311950683594e+00
-1.085053801536560059e+00,-6.490422248840332031e+00
-5.638383626937866211e-01,-6.581752777099609375e+00
-3.278209924697875977e+00,-5.312640190124511719e+00
-3.994510173797607422e+00,-9.824168205261230469e+00
-5.481191277503967285e-01,-1.089182949066162109e+01
-3.890844583511352539e+00,-1.037950897216796875e+01
-2.389395952224731445e+00,-1.070938301086425781e+01
-1.479757070541381836e+00,-7.850332260131835938e+00
-2.022630453109741211e+00,-1.033241653442382812e+01
-7.180701494216918945e-01,-6.021496295928955078e+00
-1.047088265419006348e+00,-9.549468040466308594e+00
-1.038619875907897949e+00,-6.580915451049804688e+00
-7.336158156394958496e-01,-6.172214508056640625e+00
-2.779180765151977539e+00,-4.868185997009277344e+00
-1.314597368240356445e+00,-9.332114219665527344e+00
-3.687751293182373047e+00,-1.187809562683105469e+01
-3.629803657531738281e+00,-7.447148323059082031e+00
-3.594800710678100586e+00,-5.126988887786865234e+00
-1.062618732452392578e+00,-1.135629367828369141e+01
-2.701859951019287109e+00,-6.990112781524658203e+00
-3.530093669891357422e+00,-9.521842002868652344e+00
-3.732048034667968750e+00,-9.801936149597167969e+00
-1.974060893058776855e+00,-9.837747573852539062e+00
-1.632977366447448730e+00,-1.136105442047119141e+01
-2.305759191513061523e+00,-1.024437808990478516e+01
-2.117278099060058594e+00,-6.680560588836669922e+00
-2.939919471740722656e+00,-1.073019409179687500e+01
-1.329545378684997559e+00,-7.997121810913085938e+00
-1.366059660911560059e+00,-6.319234848022460938e+00
-2.318957567214965820e+00,-6.592806339263916016e+00
-2.230832099914550781e+00,-1.096473217010498047e+01
-7.463520169258117676e-01,-7.337028980255126953e+00
-2.802191495895385742e+00,-6.322436809539794922e+00
-2.437609910964965820e+00,-5.518862247467041016e+00
-3.740777254104614258e+00,-4.906167507171630859e+00
-2.297619819641113281e+00,-5.774141311645507812e+00
-2.041822671890258789e+00,-1.159251117706298828e+01
-6.509287357330322266e-01,-8.922801017761230469e+00
-1.454459905624389648e+00,-6.913609027862548828e+00
-2.379700183868408203e+00,-9.229479789733886719e+00
-2.022085666656494141e+00,-9.233368873596191406e+00
-1.210907697677612305e+00,-1.135875415802001953e+01
-3.503206968307495117e+00,-1.023862075805664062e+01
-8.428288698196411133e-01,-1.098716449737548828e+01
-3.467502117156982422e+00,-7.517373561859130859e+00
-3.802239656448364258e+00,-4.076407432556152344e+00
-5.778639316558837891e-01,-1.118835258483886719e+01
-2.672701358795166016e+00,-1.012764072418212891e+01
-1.869894027709960938e+00,-6.250985145568847656e+00
-3.231845140457153320e+00,-8.469281196594238281e+00
-2.207043647766113281e+00,-8.036219596862792969e+00
-3.199355602264404297e+00,-3.109273195266723633e+00
-2.111450195312500000e+00,-3.751467943191528320e+00
-2.208156108856201172e+00,-5.828210830688476562e+00
-2.276513099670410156e+00,-1.167954444885253906e+01
-1.971206545829772949e+00,-3.297352075576782227e+00
-3.843073129653930664e+00,-3.246441602706909180e+00
-1.142152905464172363e+00,-4.962422847747802734e+00
-7.986893057823181152e-01,-3.627389907836914062e+00
-3.670319080352783203e+00,-3.415265560150146484e+00
-2.151121616363525391e+00,-5.949553489685058594e+00
-1.616831898689270020e+00,-5.984335899353027344e+00
-2.311747789382934570e+00,-7.094126224517822266e+00
-2.153569221496582031e+00,-3.603456258773803711e+00
-1.409057617187500000e+00,-6.504626750946044922e+00
-3.902521371841430664e+00,-3.576420068740844727e+00
-3.155082225799560547e+00,-1.041409587860107422e+01
-1.482621312141418457e+00,-8.629056930541992188e+00
-3.962913036346435547e+00,-6.159558296203613281e+00
-2.906267881393432617e+00,-7.470215797424316406e+00
-3.591834068298339844e+00,-7.595694541931152344e+00
-3.352264881134033203e+00,-4.875491142272949219e+00
-2.456489324569702148e+00,-7.304370880126953125e+00
-2.417682409286499023e+00,-7.088084697723388672e+00
-2.667053699493408203e+00,-3.862897634506225586e+00
-2.175936222076416016e+00,-1.187124919891357422e+01
-7.335693836212158203e-01,-1.044421768188476562e+01
-2.926383256912231445e+00,-9.963527679443359375e+00
-7.758550047874450684e-01,-4.495974063873291016e+00
-3.523770332336425781e+00,-8.654996871948242188e+00
-2.500234603881835938e+00,-4.080509185791015625e+00
-2.261502265930175781e+00,-1.111182022094726562e+01
-3.124552965164184570e+00,-5.986212253570556641e+00
-3.246073722839355469e+00,-6.168116092681884766e+00
-1.557704329490661621e+00,-5.707929611206054688e+00
-3.657351255416870117e+00,-1.032240200042724609e+01
-3.815604686737060547e+00,-7.313375473022460938e+00
-1.137955784797668457e+00,-9.427587509155273438e+00
-2.480070352554321289e+00,-4.735663890838623047e+00
-1.130933284759521484e+00,-9.150235176086425781e+00
-1.369508743286132812e+00,-6.336751937866210938e+00
-2.430401563644409180e+00,-3.904649972915649414e+00
-2.578620433807373047e+00,-1.002749061584472656e+01
-3.777307271957397461e+00,-5.526502132415771484e+00
-3.091614246368408203e+00,-1.079699230194091797e+01
-2.102337598800659180e+00,-3.160953521728515625e+00
-3.351389169692993164e+00,-7.955198287963867188e+00
-2.577480077743530273e+00,-3.642182588577270508e+00
-3.720649242401123047e+00,-9.908122062683105469e+00
-2.589854717254638672e+00,-5.928926467895507812e+00
-2.546523332595825195e+00,-8.278251647949218750e+00
-3.157261848449707031e+00,-1.099911403656005859e+01
-3.622737884521484375e+00,-1.193513202667236328e+01
-2.001894474029541016e+00,-8.063425064086914062e+00
-9.612971544265747070e-01,-8.706660270690917969e+00
-6.025135517120361328e-01,-8.770532608032226562e+00
-2.410839319229125977e+00,-5.504744052886962891e+00
-2.817070722579956055e+00,-5.626385688781738281e+00
-2.742461204528808594e+00,-8.449634552001953125e+00
-1.408273577690124512e+00,-1.176708602905273438e+01
-8.493984341621398926e-01,-7.320419311523437500e+00
-1.525824904441833496e+00,-1.074631690979003906e+01
-2.873337984085083008e+00,-4.308802604675292969e+00
-2.781635522842407227e+00,-5.171538829803466797e+00
-6.009475588798522949e-01,-4.657747745513916016e+00
-2.112798452377319336e+00,-6.916163921356201172e+00
-1.285301923751831055e+00,-1.148410034179687500e+01
-2.300396203994750977e+00,-1.118687248229980469e+01
-1.375809311866760254e+00,-6.288479804992675781e+00
-2.452439308166503906e+00,-3.305404424667358398e+00
-1.832605957984924316e+00,-8.731336593627929688e+00
-3.711969137191772461e+00,-7.811738967895507812e+00
-3.435753107070922852e+00,-8.427381515502929688e+00
-1.781075954437255859e+00,-9.194980621337890625e+00
-8.030136227607727051e-01,-5.753560543060302734e+00
-3.122127294540405273e+00,-5.503318786621093750e+00
-2.996342420578002930e+00,-6.119651317596435547e+00
-1.346935272216796875e+00,-6.198332309722900391e+00
-1.515490770339965820e+00,-6.786089897155761719e+00
-1.739212393760681152e+00,-5.617223262786865234e+00
-1.359556198120117188e+00,-5.335896968841552734e+00
-2.018112182617187500e+00,-4.621337413787841797e+00
-1.176779508590698242e+00,-8.243227958679199219e+00
-2.627713441848754883e+00,-1.040934276580810547e+01
-1.121936559677124023e+00,-4.323029041290283203e+00
-2.484973430633544922e+00,-8.813419342041015625e+00
-1.805782437324523926e+00,-3.783187389373779297e+00
-1.366257667541503906e+00,-3.432496309280395508e+00
-1.813603162765502930e+00,-7.433148384094238281e+00
-2.276030302047729492e+00,-6.153682708740234375e+00
-1.295285344123840332e+00,-1.144552516937255859e+01
-3.418410539627075195e+00,-3.745103836059570312e+00
-3.623557329177856445e+00,-1.023055648803710938e+01
-2.300987243652343750e+00,-6.363481521606445312e+00
-1.586961746215820312e+00,-6.397541046142578125e+00
-1.024674415588378906e+00,-6.782076835632324219e+00
-2.009387969970703125e+00,-1.042065811157226562e+01
-3.643282890319824219e+00,-9.081463813781738281e+00
-2.652274370193481445e+00,-1.190685367584228516e+01
-2.974739313125610352e+00,-3.717137575149536133e+00
-1.922973632812500000e+00,-8.716176986694335938e+00
-3.872090101242065430e+00,-6.622986793518066406e+00
-3.680852413177490234e+00,-3.875983715057373047e+00
-3.056080341339111328e+00,-9.101140975952148438e+00
-3.057633638381958008e+00,-7.100072860717773438e+00
-3.768445968627929688e+00,-3.019758939743041992e+00
-1.898200392723083496e+00,-1.047778129577636719e+01
-2.100357294082641602e+00,-3.409383773803710938e+00
-2.000127077102661133e+00,-6.407845973968505859e+00
-3.169601202011108398e+00,-1.185106658935546875e+01
-3.933513164520263672e+00,-3.574141979217529297e+00
-2.117608070373535156e+00,-5.115345954895019531e+00
-9.561332464218139648e-01,-9.619936943054199219e+00
-3.883707046508789062e+00,-1.039151573181152344e+01
-3.550345420837402344e+00,-9.644684791564941406e+00
-1.019104361534118652e+00,-9.900732040405273438e+00
-6.468868255615234375e-01,-6.821364879608154297e+00
-2.931311368942260742e+00,-4.823728084564208984e+00
-2.120813369750976562e+00,-1.071982860565185547e+01
-2.187683105468750000e+00,-5.651183605194091797e+00
-1.920161247253417969e+00,-1.101017284393310547e+01
-2.427320718765258789e+00,-9.398362159729003906e+00
-3.833188533782958984e+00,-3.675683021545410156e+00
-2.642732143402099609e+00,-8.071334838867187500e+00
-2.845050096511840820e+00,-3.664598226547241211e+00
-3.612135171890258789e+00,-1.119337368011474609e+01
-1.803185343742370605e+00,-9.519138336181640625e+00
-7.399783730506896973e-01,-8.120842933654785156e+00
-3.848874092102050781e+00,-8.418686866760253906e+00
-2.102892160415649414e+00,-7.543967723846435547e+00
-1.040944695472717285e+00,-5.174215316772460938e+00
-1.886489033699035645e+00,-7.273373603820800781e+00
-2.275551795959472656e+00,-9.731375694274902344e+00
-3.488386154174804688e+00,-1.149028778076171875e+01
-5.871460437774658203e-01,-4.297194480895996094e+00
-2.913107395172119141e+00,-7.059666633605957031e+00
-1.817259311676025391e+00,-5.663448810577392578e+00
-2.404110193252563477e+00,-9.591972351074218750e+00
-3.144623517990112305e+00,-4.093561649322509766e+00
-1.910851716995239258e+00,-4.208916664123535156e+00
-3.315893888473510742e+00,-1.074055004119873047e+01
-2.132354259490966797e+00,-4.251060009002685547e+00
-2.035166740417480469e+00,-6.008695125579833984e+00
-3.221635818481445312e+00,-7.439374446868896484e+00
-2.665052413940429688e+00,-5.052774429321289062e+00
-1.568975925445556641e+00,-5.349788188934326172e+00
-1.630216360092163086e+00,-8.199422836303710938e+00
-9.597864151000976562e-01,-8.489684104919433594e+00
-1.550301074981689453e+00,-1.161342144012451172e+01
-1.506357550621032715e+00,-8.797586441040039062e+00
-3.466473579406738281e+00,-9.905032157897949219e+00
-2.177100419998168945e+00,-5.007565975189208984e+00
-2.085718393325805664e+00,-3.699909210205078125e+00
-1.484538555145263672e+00,-8.084741592407226562e+00
-3.439055204391479492e+00,-4.882750988006591797e+00
-1.077301502227783203e+00,-5.474383354187011719e+00
-3.087557077407836914e+00,-9.608150482177734375e+00
-6.803216934204101562e-01,-6.960905075073242188e+00
-2.843209505081176758e+00,-3.639228582382202148e+00
-3.274079322814941406e+00,-7.374132156372070312e+00
-2.358032226562500000e+00,-3.086262464523315430e+00
-3.254837751388549805e+00,-8.946721076965332031e+00
-8.962237834930419922e-01,-1.176350402832031250e+01
-8.432794809341430664e-01,-9.539368629455566406e+00
-2.709894657135009766e+00,-1.124645423889160156e+01
-1.581238031387329102e+00,-4.607422828674316406e+00
-2.685910224914550781e+00,-4.563938140869140625e+00
-1.861569046974182129e+00,-8.652596473693847656e+00
-9.769166707992553711e-01,-5.368638992309570312e+00
-1.674130439758300781e+00,-1.147659778594970703e+01
-2.185915708541870117e+00,-3.749526977539062500e+00
-1.782847404479980469e+00,-1.038594341278076172e+01
-1.179816722869873047e+00,-3.664817094802856445e+00
-1.509640812873840332e+00,-3.610696315765380859e+00
-1.739524722099304199e+00,-9.323019027709960938e+00
-2.978281497955322266e+00,-7.801295280456542969e+00
-6.866914033889770508e-01,-5.289359569549560547e+00
-2.460277080535888672e+00,-4.781998634338378906e+00
-2.211677789688110352e+00,-8.126800537109375000e+00
-1.058343768119812012e+00,-8.932708740234375000e+00
-2.317665815353393555e+00,-9.496665954589843750e+00
-3.399690866470336914e+00,-6.207035541534423828e+00
-3.145609140396118164e+00,-5.365497589111328125e+00
-1.281492829322814941e+00,-1.195765972137451172e+01
-2.682967185974121094e+00,-7.450653076171875000e+00
-8.517042994499206543e-01,-5.525583267211914062e+00
-1.548219561576843262e+00,-4.819784164428710938e+00
-3.904498100280761719e+00,-4.501961231231689453e+00
-3.876996755599975586e+00,-9.607187271118164062e+00
-2.578145742416381836e+00,-6.489799022674560547e+00
-2.197133302688598633e+00,-1.054223537445068359e+01
-6.239804029464721680e-01,-8.587412834167480469e+00
-8.785659670829772949e-01,-1.027781867980957031e+01
-1.765936136245727539e+00,-3.493263006210327148e+00
-1.235310554504394531e+00,-6.892492771148681641e+00
-1.986229896545410156e+00,-1.130049133300781250e+01
-3.643499612808227539e+00,-1.030113601684570312e+01
-1.858640909194946289e+00,-7.851182937622070312e+00
-6.025054454803466797e-01,-1.043814849853515625e+01
-1.138273239135742188e+00,-5.619467735290527344e+00
-2.545455455780029297e+00,-8.870998382568359375e+00
-2.014481782913208008e+00,-1.018481636047363281e+01
-1.880233764648437500e+00,-5.881729602813720703e+00
-3.904194116592407227e+00,-1.195928287506103516e+01
-3.965128183364868164e+00,-8.169201850891113281e+00
-2.951955556869506836e+00,-8.251816749572753906e+00
-7.312178611755371094e-01,-1.138754081726074219e+01
-3.876001119613647461e+00,-1.188496875762939453e+01
-2.813564062118530273e+00,-6.371357917785644531e+00
-1.364929318428039551e+00,-3.403486251831054688e+00
-2.731606721878051758e+00,-5.203132629394531250e+00
-3.992515087127685547e+00,-4.535187721252441406e+00
-1.389255762100219727e+00,-8.973681449890136719e+00
-1.394519090652465820e+00,-4.740148544311523438e+00
-6.065542697906494141e-01,-5.447856903076171875e+00
-2.666290044784545898e+00,-8.506011009216308594e+00
-2.285353422164916992e+00,-1.035653018951416016e+01
-7.843709588050842285e-01,-9.563104629516601562e+00
-8.473755121231079102e-01,-6.252654552459716797e+00
-1.445798039436340332e+00,-6.418225288391113281e+00
-2.279469728469848633e+00,-5.922690868377685547e+00
-3.228079795837402344e+00,-1.095442295074462891e+01
-3.499852180480957031e+00,-9.825835227966308594e+00
-1.642088532447814941e+00,-9.047685623168945312e+00
-1.658738613128662109e+00,-1.013150310516357422e+01
-3.537355184555053711e+00,-7.149649620056152344e+00
-1.976997852325439453e+00,-6.909395694732666016e+00
-3.142801523208618164e+00,-8.684774398803710938e+00
-2.077355384826660156e+00,-3.741381168365478516e+00
-1.230000257492065430e+00,-5.062081336975097656e+00
-1.769173979759216309e+00,-7.521192073822021484e+00
-2.433668136596679688e+00,-9.720432281494140625e+00
-2.765750646591186523e+00,-5.555892467498779297e+00
-3.360155105590820312e+00,-9.100169181823730469e+00
-1.965207934379577637e+00,-1.168320941925048828e+01
-1.929946064949035645e+00,-1.106478786468505859e+01
-3.554990530014038086e+00,-8.751981735229492188e+00
-3.903416395187377930e+00,-9.436305046081542969e+00
-2.365295886993408203e+00,-4.207168102264404297e+00
-3.849048376083374023e+00,-5.050048351287841797e+00
-1.925801634788513184e+00,-6.192658424377441406e+00
-2.161827087402343750e+00,-6.412406921386718750e+00
-2.308995723724365234e+00,-3.436430931091308594e+00
-8.358313441276550293e-01,-1.085687541961669922e+01
-1.915135979652404785e+00,-7.499832630157470703e+00
-5.926491618156433105e-01,-1.165656375885009766e+01
-3.659282445907592773e+00,-6.503330230712890625e+00
-1.174976587295532227e+00,-8.561692237854003906e+00
-1.208557963371276855e+00,-7.292647361755371094e+00
-2.184261798858642578e+00,-7.394643783569335938e+00
-2.833708524703979492e+00,-8.298525810241699219e+00
-5.626761913299560547e-01,-6.867901802062988281e+00
-2.559180736541748047e+00,-1.111236858367919922e+01
-3.222211122512817383e+00,-6.124543666839599609e+00
-1.249127388000488281e+00,-3.723057985305786133e+00
-1.180976748466491699e+00,-1.187802410125732422e+01
-3.073424100875854492e+00,-5.967188835144042969e+00
-2.312721490859985352e+00,-5.164291381835937500e+00
-1.654516696929931641e+00,-1.096526241302490234e+01
-3.194738149642944336e+00,-1.047426891326904297e+01
-3.087589263916015625e+00,-1.041833782196044922e+01
-1.387733221054077148e+00,-9.306140899658203125e+00
-1.260680556297302246e+00,-6.700233459472656250e+00
-1.634272575378417969e+00,-3.444717884063720703e+00
-5.848814249038696289e-01,-3.115162134170532227e+00
-1.226703166961669922e+00,-5.696538448333740234e+00
-3.530383825302124023e+00,-7.274074077606201172e+00
-2.469997644424438477e+00,-5.860422134399414062e+00
-2.271303176879882812e+00,-1.120038318634033203e+01
-3.614018678665161133e+00,-7.725261688232421875e+00
-6.625669598579406738e-01,-7.475699424743652344e+00
-3.242193937301635742e+00,-8.754933357238769531e+00
-2.211871862411499023e+00,-6.805874347686767578e+00
-2.165676832199096680e+00,-1.052111816406250000e+01
-3.041678905487060547e+00,-5.388501644134521484e+00
-3.801809549331665039e+00,-9.826095581054687500e+00
-1.331649184226989746e+00,-6.469345092773437500e+00
-3.820165872573852539e+00,-6.036937713623046875e+00
-1.693932056427001953e+00,-6.328139781951904297e+00
-2.874045372009277344e+00,-7.273790836334228516e+00
-2.863793134689331055e+00,-7.192733764648437500e+00
-9.630304574966430664e-01,-4.234757423400878906e+00
-2.993801355361938477e+00,-8.795698165893554688e+00
-3.111158370971679688e+00,-7.868321418762207031e+00
-3.956953287124633789e+00,-9.661460876464843750e+00
-3.939270734786987305e+00,-3.987343072891235352e+00
-3.270883798599243164e+00,-4.772414684295654297e+00
-3.492280006408691406e+00,-4.529876232147216797e+00
-1.013861298561096191e+00,-9.510752677917480469e+00
-3.880600214004516602e+00,-3.101744413375854492e+00
-7.584505081176757812e-01,-8.869261741638183594e+00
-1.853259086608886719e+00,-1.082237434387207031e+01
-3.875412464141845703e+00,-5.072285652160644531e+00
-6.425293684005737305e-01,-6.045883178710937500e+00
-3.887176036834716797e+00,-5.864648342132568359e+00
-1.211136341094970703e+00,-8.665695190429687500e+00
-1.628973484039306641e+00,-4.944933414459228516e+00
-3.453512430191040039e+00,-9.507605552673339844e+00
-1.717843890190124512e+00,-9.299021720886230469e+00
-9.337449669837951660e-01,-4.050134658813476562e+00
-3.770662307739257812e+00,-4.354788303375244141e+00
-2.973964691162109375e+00,-7.352418899536132812e+00
-2.985474109649658203e+00,-1.061449432373046875e+01
-8.371722102165222168e-01,-1.178177547454833984e+01
-2.560043334960937500e+00,-6.638823032379150391e+00
-2.400711774826049805e+00,-3.870688915252685547e+00
-1.905343532562255859e+00,-5.435808658599853516e+00
-2.814531326293945312e+00,-3.903350830078125000e+00
-2.176302671432495117e+00,-1.012675476074218750e+01
-2.983702182769775391e+00,-5.683381557464599609e+00
-1.755070805549621582e+00,-8.799774169921875000e+00
-1.480670213699340820e+00,-4.495978355407714844e+00
-9.293518662452697754e-01,-9.983664512634277344e+00
-3.142071008682250977e+00,-3.866080284118652344e+00
-3.657885789871215820e+00,-5.038595199584960938e+00
-1.040589213371276855e+00,-9.728081703186035156e+00
-3.253035306930541992e+00,-7.854537010192871094e+00
-1.796619534492492676e+00,-6.018431186676025391e+00
-8.643962740898132324e-01,-1.043241977691650391e+01
-8.989313244819641113e-01,-4.264510631561279297e+00
-3.012744188308715820e+00,-8.876618385314941406e+00
-1.962254285812377930e+00,-7.903189182281494141e+00
-2.684737920761108398e+00,-8.063887596130371094e+00
-2.723265647888183594e+00,-1.008335304260253906e+01
-3.412899732589721680e+00,-1.096005821228027344e+01
-2.042942762374877930e+00,-1.176412296295166016e+01
-3.821426391601562500e+00,-6.940396308898925781e+00
-2.190540790557861328e+00,-5.762197494506835938e+00
-5.753129124641418457e-01,-8.719193458557128906e+00
-2.737715721130371094e+00,-4.452178478240966797e+00
-3.879411220550537109e+00,-9.347524642944335938e+00
-1.877245068550109863e+00,-5.970009326934814453e+00
-3.391064405441284180e+00,-9.112973213195800781e+00
-9.337124228477478027e-01,-5.375348567962646484e+00
-1.044291973114013672e+00,-7.352123737335205078e+00
-2.916906595230102539e+00,-6.136104106903076172e+00
-1.778556227684020996e+00,-9.686670303344726562e+00
-3.579982280731201172e+00,-4.278153896331787109e+00
-1.481532454490661621e+00,-4.884350776672363281e+00
-2.330631732940673828e+00,-7.013145446777343750e+00
-3.284498929977416992e+00,-9.432168006896972656e+00
-2.349760770797729492e+00,-8.353139877319335938e+00
-1.174426913261413574e+00,-1.187459468841552734e+01
-3.977323293685913086e+00,-6.818327903747558594e+00
-1.052845120429992676e+00,-3.790025234222412109e+00
-1.838795304298400879e+00,-5.159675121307373047e+00
-2.253027915954589844e+00,-6.764281749725341797e+00
-3.814260721206665039e+00,-3.821295499801635742e+00
-2.921864271163940430e+00,-9.739613533020019531e+00
-3.249937534332275391e+00,-4.209776401519775391e+00
-5.491730570793151855e-01,-8.144104957580566406e+00
-3.118370532989501953e+00,-6.834758281707763672e+00
-2.114028215408325195e+00,-7.358140468597412109e+00
-1.543076872825622559e+00,-8.606566429138183594e+00
-3.344457387924194336e+00,-5.498579978942871094e+00
-1.437372326850891113e+00,-8.327943801879882812e+00
-2.435345649719238281e+00,-1.193240737915039062e+01
-1.615579366683959961e+00,-5.082753181457519531e+00
-9.681012630462646484e-01,-9.991208076477050781e+00
-2.207893133163452148e+00,-4.147482395172119141e+00
-3.328852415084838867e+00,-3.788222789764404297e+00
-3.315886974334716797e+00,-6.367097854614257812e+00
-3.739360809326171875e+00,-1.159103488922119141e+01
-1.478972315788269043e+00,-7.278977394104003906e+00
-2.152014970779418945e+00,-4.940206527709960938e+00
-2.540080785751342773e+00,-6.458493709564208984e+00
-8.248800635337829590e-01,-7.460492610931396484e+00
-1.557501316070556641e+00,-1.121179771423339844e+01
-8.490571975708007812e-01,-9.242803573608398438e+00
-2.111902952194213867e+00,-1.061617851257324219e+01
-3.999878168106079102e+00,-3.043509960174560547e+00
-1.437761664390563965e+00,-9.275952339172363281e+00
-2.961987257003784180e+00,-9.037033081054687500e+00
-5.320720076560974121e-01,-1.166730213165283203e+01
-3.197532653808593750e+00,-1.183360195159912109e+01
-8.110410571098327637e-01,-6.636092662811279297e+00
-3.327246189117431641e+00,-6.950540065765380859e+00
-2.721248626708984375e+00,-7.516913414001464844e+00
-7.328897118568420410e-01,-6.198981761932373047e+00
-2.215059518814086914e+00,-9.854610443115234375e+00
-2.128260612487792969e+00,-4.419177532196044922e+00
-2.797725439071655273e+00,-7.326778411865234375e+00
-3.365255117416381836e+00,-3.609096765518188477e+00
-3.277505159378051758e+00,-7.987372875213623047e+00
-3.811045408248901367e+00,-9.874147415161132812e+00
-2.050515651702880859e+00,-6.870611667633056641e+00
-3.562523603439331055e+00,-3.896045923233032227e+00
-1.409184336662292480e+00,-1.018759155273437500e+01
-1.079238057136535645e+00,-6.084177017211914062e+00
-3.102350950241088867e+00,-3.377961158752441406e+00
-1.898770332336425781e+00,-3.566620826721191406e+00
-1.603574514389038086e+00,-7.971525669097900391e+00
-1.082811355590820312e+00,-5.868005752563476562e+00
-3.640505790710449219e+00,-7.123376369476318359e+00
-2.448367834091186523e+00,-3.023787498474121094e+00
-1.612112522125244141e+00,-1.160505676269531250e+01
-2.250820636749267578e+00,-7.704368591308593750e+00
-1.705724120140075684e+00,-8.727290153503417969e+00
-1.928050756454467773e+00,-8.778739929199218750e+00
-1.815351366996765137e+00,-1.070710277557373047e+01
-9.678331017494201660e-01,-7.713291645050048828e+00
-1.747838377952575684e+00,-4.944370746612548828e+00
-8.864008188247680664e-01,-4.483185768127441406e+00
-3.447139501571655273e+00,-1.044141006469726562e+01
-2.072625637054443359e+00,-1.178580284118652344e+01
-1.614017724990844727e+00,-1.182521057128906250e+01
-2.957294940948486328e+00,-7.325522899627685547e+00
-1.582150340080261230e+00,-1.107027435302734375e+01
-2.947641849517822266e+00,-1.039824771881103516e+01
-1.204247832298278809e+00,-7.184882164001464844e+00
-3.266028404235839844e+00,-8.394997596740722656e+00
-2.966607332229614258e+00,-6.366792201995849609e+00
-2.529353380203247070e+00,-4.566227436065673828e+00
-1.382070302963256836e+00,-1.189793205261230469e+01
-3.271222352981567383e+00,-9.203907012939453125e+00
-6.033062934875488281e-01,-5.432178974151611328e+00
-1.977999925613403320e+00,-1.091166591644287109e+01
-1.442254900932312012e+00,-3.329124689102172852e+00
-8.821423053741455078e-01,-7.087375164031982422e+00
-8.972664475440979004e-01,-3.549887657165527344e+00
-2.831464767456054688e+00,-6.355149269104003906e+00
-3.061126232147216797e+00,-7.597511768341064453e+00
-3.841650962829589844e+00,-3.805238485336303711e+00
-8.008126020431518555e-01,-4.249032497406005859e+00
-1.164208054542541504e+00,-3.074069261550903320e+00
-2.394445657730102539e+00,-6.564516067504882812e+00
-3.532162189483642578e+00,-5.015655517578125000e+00
-3.564600706100463867e+00,-3.637135028839111328e+00
-2.507497787475585938e+00,-6.920348167419433594e+00
-3.470544338226318359e+00,-3.824924945831298828e+00
-3.236341476440429688e+00,-1.187277603149414062e+01
-1.888290286064147949e+00,-8.263304710388183594e+00
-6.191561222076416016e-01,-1.048885726928710938e+01
-2.193499326705932617e+00,-9.629335403442382812e+00
-3.453370571136474609e+00,-4.550402164459228516e+00
-1.110131621360778809e+00,-9.950366020202636719e+00
-3.642809152603149414e+00,-8.862974166870117188e+00
-3.589011907577514648e+00,-1.185471248626708984e+01
-3.355621337890625000e+00,-4.794627666473388672e+00
-2.375354290008544922e+00,-7.797285556793212891e+00
-2.311146497726440430e+00,-1.086082458496093750e+01
-2.032836914062500000e+00,-7.670376777648925781e+00
-1.146133780479431152e+00,-9.916370391845703125e+00
-1.255224108695983887e+00,-6.245950698852539062e+00
-2.304745435714721680e+00,-5.779885768890380859e+00
-1.152317523956298828e+00,-1.091354179382324219e+01
-7.898072600364685059e-01,-1.195175457000732422e+01
-2.135812044143676758e+00,-9.496235847473144531e+00
-3.703079462051391602e+00,-1.163355445861816406e+01
-2.787059068679809570e+00,-3.009127855300903320e+00
-1.208393096923828125e+00,-1.143207263946533203e+01
-7.546802759170532227e-01,-3.051540136337280273e+00
-3.862819910049438477e+00,-4.903539657592773438e+00
-3.634106636047363281e+00,-1.146316337585449219e+01
-2.642429828643798828e+00,-6.802886486053466797e+00
-1.284724950790405273e+00,-3.470680236816406250e+00
-1.640507698059082031e+00,-7.106891632080078125e+00
-3.219890117645263672e+00,-5.662251472473144531e+00
-1.840292453765869141e+00,-6.968462467193603516e+00
-2.278219938278198242e+00,-7.301448345184326172e+00
-3.767751216888427734e+00,-7.564233303070068359e+00
-2.768524408340454102e+00,-1.020718193054199219e+01
-1.867993831634521484e+00,-7.055264472961425781e+00
-8.974224328994750977e-01,-8.487274169921875000e+00
-1.491874575614929199e+00,-7.293531894683837891e+00
-2.603688240051269531e+00,-8.868773460388183594e+00
-6.381246447563171387e-01,-6.268005847930908203e+00
-2.716822624206542969e+00,-1.153207015991210938e+01
-5.230357646942138672e-01,-6.500431537628173828e+00
-2.017569065093994141e+00,-1.050881958007812500e+01
-2.653892278671264648e+00,-8.184277534484863281e+00
-3.662960529327392578e+00,-8.296616554260253906e+00
-1.281015396118164062e+00,-1.172710514068603516e+01
-2.316949844360351562e+00,-6.652677059173583984e+00
-3.106769800186157227e+00,-1.103738784790039062e+01
